id,algorithm,domain,phase,old_status,new_status,import_decision,current_files,entry,tests
1,Age & Eligibility Policy Algorithm,Profile / targets,P0,IMPLEMENTED,NO_DEDICATED_DOMAIN_IMPLEMENTATION_EVIDENCED,IMPORT,services/backend/src/foundation/target-engine.ts; target-eligibility-policy.ts; apps/android/.../product/PersonalTargetEngine.kt,previewPersonalTargets / evaluateTargetEligibility / recalibrateEnergyFromWeightTrend,services/backend/src/tests/foundation/target-engine.test.ts; Android PersonalTargetEngineTest
2,Profile Completeness / Unknown Gate,Profile / targets,P0,IMPLEMENTED,NO_DEDICATED_DOMAIN_IMPLEMENTATION_EVIDENCED,IMPORT,services/backend/src/foundation/target-engine.ts; target-eligibility-policy.ts; apps/android/.../product/PersonalTargetEngine.kt,previewPersonalTargets / evaluateTargetEligibility / recalibrateEnergyFromWeightTrend,services/backend/src/tests/foundation/target-engine.test.ts; Android PersonalTargetEngineTest
3,Unit Normalization Algorithm,Profile / targets,P0,IMPLEMENTED,NO_DEDICATED_DOMAIN_IMPLEMENTATION_EVIDENCED,IMPORT,services/backend/src/foundation/target-engine.ts; target-eligibility-policy.ts; apps/android/.../product/PersonalTargetEngine.kt,previewPersonalTargets / evaluateTargetEligibility / recalibrateEnergyFromWeightTrend,services/backend/src/tests/foundation/target-engine.test.ts; Android PersonalTargetEngineTest
4,Activity Normalization Algorithm,Profile / targets,P0,IMPLEMENTED,NO_DEDICATED_DOMAIN_IMPLEMENTATION_EVIDENCED,IMPORT,services/backend/src/foundation/target-engine.ts; target-eligibility-policy.ts; apps/android/.../product/PersonalTargetEngine.kt,previewPersonalTargets / evaluateTargetEligibility / recalibrateEnergyFromWeightTrend,services/backend/src/tests/foundation/target-engine.test.ts; Android PersonalTargetEngineTest
5,Energy Target Estimator,Profile / targets,P0,IMPLEMENTED,NO_DEDICATED_DOMAIN_IMPLEMENTATION_EVIDENCED,IMPORT,services/backend/src/foundation/target-engine.ts; target-eligibility-policy.ts; apps/android/.../product/PersonalTargetEngine.kt,previewPersonalTargets / evaluateTargetEligibility / recalibrateEnergyFromWeightTrend,services/backend/src/tests/foundation/target-engine.test.ts; Android PersonalTargetEngineTest
6,Protein Target Estimator,Profile / targets,P0,IMPLEMENTED,NO_DEDICATED_DOMAIN_IMPLEMENTATION_EVIDENCED,IMPORT,services/backend/src/foundation/target-engine.ts; target-eligibility-policy.ts; apps/android/.../product/PersonalTargetEngine.kt,previewPersonalTargets / evaluateTargetEligibility / recalibrateEnergyFromWeightTrend,services/backend/src/tests/foundation/target-engine.test.ts; Android PersonalTargetEngineTest
7,Carbohydrate Target Allocator,Profile / targets,P0,IMPLEMENTED,NO_DEDICATED_DOMAIN_IMPLEMENTATION_EVIDENCED,IMPORT,services/backend/src/foundation/target-engine.ts; target-eligibility-policy.ts; apps/android/.../product/PersonalTargetEngine.kt,previewPersonalTargets / evaluateTargetEligibility / recalibrateEnergyFromWeightTrend,services/backend/src/tests/foundation/target-engine.test.ts; Android PersonalTargetEngineTest
8,Fat Target Allocator,Profile / targets,P0,IMPLEMENTED,NO_DEDICATED_DOMAIN_IMPLEMENTATION_EVIDENCED,IMPORT,services/backend/src/foundation/target-engine.ts; target-eligibility-policy.ts; apps/android/.../product/PersonalTargetEngine.kt,previewPersonalTargets / evaluateTargetEligibility / recalibrateEnergyFromWeightTrend,services/backend/src/tests/foundation/target-engine.test.ts; Android PersonalTargetEngineTest
9,Fiber Target Estimator,Profile / targets,P0,IMPLEMENTED,NO_DEDICATED_DOMAIN_IMPLEMENTATION_EVIDENCED,IMPORT,services/backend/src/foundation/target-engine.ts; target-eligibility-policy.ts; apps/android/.../product/PersonalTargetEngine.kt,previewPersonalTargets / evaluateTargetEligibility / recalibrateEnergyFromWeightTrend,services/backend/src/tests/foundation/target-engine.test.ts; Android PersonalTargetEngineTest
10,Different-Target-by-Day Scheduler,Profile / targets,P0,NOT_FOUND,NO_DEDICATED_DOMAIN_IMPLEMENTATION_EVIDENCED,MISSING_IMPLEMENT,No reliable source evidence,—,No direct test
11,Meal-Level Target Distribution Algorithm,Profile / targets,P0,NOT_FOUND,NO_DEDICATED_DOMAIN_IMPLEMENTATION_EVIDENCED,MISSING_IMPLEMENT,No reliable source evidence,—,No direct test
12,Target Recalibration Algorithm,Profile / targets,P0,IMPLEMENTED,NO_DEDICATED_DOMAIN_IMPLEMENTATION_EVIDENCED,IMPORT,services/backend/src/foundation/target-engine.ts; target-eligibility-policy.ts; apps/android/.../product/PersonalTargetEngine.kt,previewPersonalTargets / evaluateTargetEligibility / recalibrateEnergyFromWeightTrend,services/backend/src/tests/foundation/target-engine.test.ts; Android PersonalTargetEngineTest
13,Target Evidence Sufficiency / HOLD Algorithm,Profile / targets,P0,IMPLEMENTED,NO_DEDICATED_DOMAIN_IMPLEMENTATION_EVIDENCED,IMPORT,services/backend/src/foundation/target-engine.ts; target-eligibility-policy.ts; apps/android/.../product/PersonalTargetEngine.kt,previewPersonalTargets / evaluateTargetEligibility / recalibrateEnergyFromWeightTrend,services/backend/src/tests/foundation/target-engine.test.ts; Android PersonalTargetEngineTest
14,Target Revision Reason Generator,Profile / targets,P0,PARTIAL,NO_DEDICATED_DOMAIN_IMPLEMENTATION_EVIDENCED,IMPORT_AND_CLOSE_GAP,services/backend/src/foundation/target-engine.ts; target-eligibility-policy.ts; apps/android/.../product/PersonalTargetEngine.kt,previewPersonalTargets / evaluateTargetEligibility / recalibrateEnergyFromWeightTrend,services/backend/src/tests/foundation/target-engine.test.ts; Android PersonalTargetEngineTest
15,Camera Input Router,PortionWise / food photo,P0,PARTIAL,NO_DEDICATED_DOMAIN_IMPLEMENTATION_EVIDENCED,IMPORT_AND_CLOSE_GAP,services/backend/src/nutrition/algorithm/; vision/; identity/; portion/; nutrients/; confidence/; services/backend/src/http/meal-routes.ts,createMoveFuelAlgorithm → ImageEstimatePipeline → meal routes,services/backend/src/tests/nutrition/*; meal/* tests; research validation
16,Image Quality Scorer,PortionWise / food photo,P0,IMPLEMENTED,NO_DEDICATED_DOMAIN_IMPLEMENTATION_EVIDENCED,IMPORT,services/backend/src/nutrition/algorithm/; vision/; identity/; portion/; nutrients/; confidence/; services/backend/src/http/meal-routes.ts,createMoveFuelAlgorithm → ImageEstimatePipeline → meal routes,services/backend/src/tests/nutrition/*; meal/* tests; research validation
17,Food Region Detector,PortionWise / food photo,P0,IMPLEMENTED,NO_DEDICATED_DOMAIN_IMPLEMENTATION_EVIDENCED,IMPORT,services/backend/src/nutrition/algorithm/; vision/; identity/; portion/; nutrients/; confidence/; services/backend/src/http/meal-routes.ts,createMoveFuelAlgorithm → ImageEstimatePipeline → meal routes,services/backend/src/tests/nutrition/*; meal/* tests; research validation
18,Food Segmentation Algorithm,PortionWise / food photo,P0,IMPLEMENTED,NO_DEDICATED_DOMAIN_IMPLEMENTATION_EVIDENCED,IMPORT,services/backend/src/nutrition/algorithm/; vision/; identity/; portion/; nutrients/; confidence/; services/backend/src/http/meal-routes.ts,createMoveFuelAlgorithm → ImageEstimatePipeline → meal routes,services/backend/src/tests/nutrition/*; meal/* tests; research validation
19,Food Candidate Generator,PortionWise / food photo,P0,IMPLEMENTED,NO_DEDICATED_DOMAIN_IMPLEMENTATION_EVIDENCED,IMPORT,services/backend/src/nutrition/algorithm/; vision/; identity/; portion/; nutrients/; confidence/; services/backend/src/http/meal-routes.ts,createMoveFuelAlgorithm → ImageEstimatePipeline → meal routes,services/backend/src/tests/nutrition/*; meal/* tests; research validation
20,Preparation-State Inference Algorithm,PortionWise / food photo,P0,PARTIAL,NO_DEDICATED_DOMAIN_IMPLEMENTATION_EVIDENCED,IMPORT_AND_CLOSE_GAP,services/backend/src/nutrition/algorithm/; vision/; identity/; portion/; nutrients/; confidence/; services/backend/src/http/meal-routes.ts,createMoveFuelAlgorithm → ImageEstimatePipeline → meal routes,services/backend/src/tests/nutrition/*; meal/* tests; research validation
21,Food Identity Resolver,PortionWise / food photo,P0,IMPLEMENTED,NO_DEDICATED_DOMAIN_IMPLEMENTATION_EVIDENCED,IMPORT,services/backend/src/nutrition/algorithm/; vision/; identity/; portion/; nutrients/; confidence/; services/backend/src/http/meal-routes.ts,createMoveFuelAlgorithm → ImageEstimatePipeline → meal routes,services/backend/src/tests/nutrition/*; meal/* tests; research validation
22,Trusted Food-Source Resolver,PortionWise / food photo,P0,IMPLEMENTED,NO_DEDICATED_DOMAIN_IMPLEMENTATION_EVIDENCED,IMPORT,services/backend/src/nutrition/algorithm/; vision/; identity/; portion/; nutrients/; confidence/; services/backend/src/http/meal-routes.ts,createMoveFuelAlgorithm → ImageEstimatePipeline → meal routes,services/backend/src/tests/nutrition/*; meal/* tests; research validation
23,Physical Portion Evidence Extractor,PortionWise / food photo,P0,IMPLEMENTED,NO_DEDICATED_DOMAIN_IMPLEMENTATION_EVIDENCED,IMPORT,services/backend/src/nutrition/algorithm/; vision/; identity/; portion/; nutrients/; confidence/; services/backend/src/http/meal-routes.ts,createMoveFuelAlgorithm → ImageEstimatePipeline → meal routes,services/backend/src/tests/nutrition/*; meal/* tests; research validation
24,Food Volume Estimator,PortionWise / food photo,P0,IMPLEMENTED,NO_DEDICATED_DOMAIN_IMPLEMENTATION_EVIDENCED,IMPORT,services/backend/src/nutrition/algorithm/; vision/; identity/; portion/; nutrients/; confidence/; services/backend/src/http/meal-routes.ts,createMoveFuelAlgorithm → ImageEstimatePipeline → meal routes,services/backend/src/tests/nutrition/*; meal/* tests; research validation
25,Piece / Count Estimator,PortionWise / food photo,P0,PARTIAL,NO_DEDICATED_DOMAIN_IMPLEMENTATION_EVIDENCED,IMPORT_AND_CLOSE_GAP,services/backend/src/nutrition/algorithm/; vision/; identity/; portion/; nutrients/; confidence/; services/backend/src/http/meal-routes.ts,createMoveFuelAlgorithm → ImageEstimatePipeline → meal routes,services/backend/src/tests/nutrition/*; meal/* tests; research validation
26,Density Selector,PortionWise / food photo,P0,IMPLEMENTED,NO_DEDICATED_DOMAIN_IMPLEMENTATION_EVIDENCED,IMPORT,services/backend/src/nutrition/algorithm/; vision/; identity/; portion/; nutrients/; confidence/; services/backend/src/http/meal-routes.ts,createMoveFuelAlgorithm → ImageEstimatePipeline → meal routes,services/backend/src/tests/nutrition/*; meal/* tests; research validation
27,Mass-Range Estimator,PortionWise / food photo,P0,IMPLEMENTED,NO_DEDICATED_DOMAIN_IMPLEMENTATION_EVIDENCED,IMPORT,services/backend/src/nutrition/algorithm/; vision/; identity/; portion/; nutrients/; confidence/; services/backend/src/http/meal-routes.ts,createMoveFuelAlgorithm → ImageEstimatePipeline → meal routes,services/backend/src/tests/nutrition/*; meal/* tests; research validation
28,Trusted Nutrient Calculator,PortionWise / food photo,P0,IMPLEMENTED,NO_DEDICATED_DOMAIN_IMPLEMENTATION_EVIDENCED,IMPORT,services/backend/src/nutrition/algorithm/; vision/; identity/; portion/; nutrients/; confidence/; services/backend/src/http/meal-routes.ts,createMoveFuelAlgorithm → ImageEstimatePipeline → meal routes,services/backend/src/tests/nutrition/*; meal/* tests; research validation
29,Uncertainty Propagation Algorithm,PortionWise / food photo,P0,IMPLEMENTED,NO_DEDICATED_DOMAIN_IMPLEMENTATION_EVIDENCED,IMPORT,services/backend/src/nutrition/algorithm/; vision/; identity/; portion/; nutrients/; confidence/; services/backend/src/http/meal-routes.ts,createMoveFuelAlgorithm → ImageEstimatePipeline → meal routes,services/backend/src/tests/nutrition/*; meal/* tests; research validation
30,Confidence Calibration Algorithm,PortionWise / food photo,P0,IMPLEMENTED,NO_DEDICATED_DOMAIN_IMPLEMENTATION_EVIDENCED,IMPORT,services/backend/src/nutrition/algorithm/; vision/; identity/; portion/; nutrients/; confidence/; services/backend/src/http/meal-routes.ts,createMoveFuelAlgorithm → ImageEstimatePipeline → meal routes,services/backend/src/tests/nutrition/*; meal/* tests; research validation
31,Clarification Question Selector,PortionWise / food photo,P0,IMPLEMENTED,NO_DEDICATED_DOMAIN_IMPLEMENTATION_EVIDENCED,IMPORT,services/backend/src/nutrition/algorithm/; vision/; identity/; portion/; nutrients/; confidence/; services/backend/src/http/meal-routes.ts,createMoveFuelAlgorithm → ImageEstimatePipeline → meal routes,services/backend/src/tests/nutrition/*; meal/* tests; research validation
32,User Correction Reconciler,PortionWise / food photo,P0,IMPLEMENTED,NO_DEDICATED_DOMAIN_IMPLEMENTATION_EVIDENCED,IMPORT,services/backend/src/nutrition/algorithm/; vision/; identity/; portion/; nutrients/; confidence/; services/backend/src/http/meal-routes.ts,createMoveFuelAlgorithm → ImageEstimatePipeline → meal routes,services/backend/src/tests/nutrition/*; meal/* tests; research validation
33,Meal Draft Revision Algorithm,PortionWise / food photo,P0,IMPLEMENTED,NO_DEDICATED_DOMAIN_IMPLEMENTATION_EVIDENCED,IMPORT,services/backend/src/nutrition/algorithm/; vision/; identity/; portion/; nutrients/; confidence/; services/backend/src/http/meal-routes.ts,createMoveFuelAlgorithm → ImageEstimatePipeline → meal routes,services/backend/src/tests/nutrition/*; meal/* tests; research validation
34,Canonical Meal Confirmation Algorithm,PortionWise / food photo,P0,IMPLEMENTED,NO_DEDICATED_DOMAIN_IMPLEMENTATION_EVIDENCED,IMPORT,services/backend/src/nutrition/algorithm/; vision/; identity/; portion/; nutrients/; confidence/; services/backend/src/http/meal-routes.ts,createMoveFuelAlgorithm → ImageEstimatePipeline → meal routes,services/backend/src/tests/nutrition/*; meal/* tests; research validation
35,Daily Nutrition Aggregator,PortionWise / food photo,P0,IMPLEMENTED,NO_DEDICATED_DOMAIN_IMPLEMENTATION_EVIDENCED,IMPORT,services/backend/src/nutrition/algorithm/; vision/; identity/; portion/; nutrients/; confidence/; services/backend/src/http/meal-routes.ts,createMoveFuelAlgorithm → ImageEstimatePipeline → meal routes,services/backend/src/tests/nutrition/*; meal/* tests; research validation
36,Confirmed Serving-Prior Learner,PortionWise / food photo,P0,IMPLEMENTED,NO_DEDICATED_DOMAIN_IMPLEMENTATION_EVIDENCED,IMPORT,services/backend/src/nutrition/algorithm/; vision/; identity/; portion/; nutrients/; confidence/; services/backend/src/http/meal-routes.ts,createMoveFuelAlgorithm → ImageEstimatePipeline → meal routes,services/backend/src/tests/nutrition/*; meal/* tests; research validation
37,Barcode Normalizer,Barcode / products,P0,IMPLEMENTED,NO_DEDICATED_DOMAIN_IMPLEMENTATION_EVIDENCED,IMPORT,services/backend/src/meal/nutrition-catalog.ts; services/backend/src/nutrition/packaged/; services/backend/src/http/packaged-routes.ts,packaged food service / nutrition catalog route,services/backend/src/tests/meal/*packaged*; nutrition-catalog.test.ts
38,Catalog Product Matcher,Barcode / products,P0,IMPLEMENTED,NO_DEDICATED_DOMAIN_IMPLEMENTATION_EVIDENCED,IMPORT,services/backend/src/meal/nutrition-catalog.ts; services/backend/src/nutrition/packaged/; services/backend/src/http/packaged-routes.ts,packaged food service / nutrition catalog route,services/backend/src/tests/meal/*packaged*; nutrition-catalog.test.ts
39,Catalog Freshness / Conflict Resolver,Barcode / products,P0,PARTIAL,NO_DEDICATED_DOMAIN_IMPLEMENTATION_EVIDENCED,IMPORT_AND_CLOSE_GAP,services/backend/src/meal/nutrition-catalog.ts; services/backend/src/nutrition/packaged/; services/backend/src/http/packaged-routes.ts,packaged food service / nutrition catalog route,services/backend/src/tests/meal/*packaged*; nutrition-catalog.test.ts
40,Serving Quantity Scaler,Barcode / products,P0,IMPLEMENTED,NO_DEDICATED_DOMAIN_IMPLEMENTATION_EVIDENCED,IMPORT,services/backend/src/meal/nutrition-catalog.ts; services/backend/src/nutrition/packaged/; services/backend/src/http/packaged-routes.ts,packaged food service / nutrition catalog route,services/backend/src/tests/meal/*packaged*; nutrition-catalog.test.ts
41,Dietary Compatibility Guard,Barcode / products,P0,IMPLEMENTED,NO_DEDICATED_DOMAIN_IMPLEMENTATION_EVIDENCED,IMPORT,services/backend/src/meal/nutrition-catalog.ts; services/backend/src/nutrition/packaged/; services/backend/src/http/packaged-routes.ts,packaged food service / nutrition catalog route,services/backend/src/tests/meal/*packaged*; nutrition-catalog.test.ts
42,Allergy Caution / Escalation Gate,Barcode / products,P0,PARTIAL,NO_DEDICATED_DOMAIN_IMPLEMENTATION_EVIDENCED,IMPORT_AND_CLOSE_GAP,services/backend/src/meal/nutrition-catalog.ts; services/backend/src/nutrition/packaged/; services/backend/src/http/packaged-routes.ts,packaged food service / nutrition catalog route,services/backend/src/tests/meal/*packaged*; nutrition-catalog.test.ts
43,Barcode Fallback Router,Barcode / products,P0,IMPLEMENTED,NO_DEDICATED_DOMAIN_IMPLEMENTATION_EVIDENCED,IMPORT,services/backend/src/meal/nutrition-catalog.ts; services/backend/src/nutrition/packaged/; services/backend/src/http/packaged-routes.ts,packaged food service / nutrition catalog route,services/backend/src/tests/meal/*packaged*; nutrition-catalog.test.ts
44,Catalog Source Attribution Resolver,Barcode / products,P0,IMPLEMENTED,NO_DEDICATED_DOMAIN_IMPLEMENTATION_EVIDENCED,IMPORT,services/backend/src/meal/nutrition-catalog.ts; services/backend/src/nutrition/packaged/; services/backend/src/http/packaged-routes.ts,packaged food service / nutrition catalog route,services/backend/src/tests/meal/*packaged*; nutrition-catalog.test.ts
45,Food Search Ranking Algorithm,Food search / recipes,P1,IMPLEMENTED,NO_DEDICATED_DOMAIN_IMPLEMENTATION_EVIDENCED,IMPORT,services/backend/src/meal/; services/backend/src/diet-intelligence/; services/backend/src/nutrition/identity/,"meal store, identity helpers, or diet-plan service",services/backend/src/tests/nutrition/recipe-resolver.test.ts; diet-intelligence/*
46,Recent / Frequent / Favorite Ranker,Food search / recipes,P1,PARTIAL,NO_DEDICATED_DOMAIN_IMPLEMENTATION_EVIDENCED,IMPORT_AND_CLOSE_GAP,services/backend/src/meal/; services/backend/src/diet-intelligence/; services/backend/src/nutrition/identity/,"meal store, identity helpers, or diet-plan service",services/backend/src/tests/nutrition/recipe-resolver.test.ts; diet-intelligence/*
47,Default Serving Predictor,Food search / recipes,P1,NOT_FOUND,NO_DEDICATED_DOMAIN_IMPLEMENTATION_EVIDENCED,MISSING_IMPLEMENT,No reliable source evidence,—,No direct test
48,Recipe Ingredient Parser,Food search / recipes,P1,IMPLEMENTED,NO_DEDICATED_DOMAIN_IMPLEMENTATION_EVIDENCED,IMPORT,services/backend/src/meal/; services/backend/src/diet-intelligence/; services/backend/src/nutrition/identity/,"meal store, identity helpers, or diet-plan service",services/backend/src/tests/nutrition/recipe-resolver.test.ts; diet-intelligence/*
49,Recipe Ingredient Resolver,Food search / recipes,P1,IMPLEMENTED,NO_DEDICATED_DOMAIN_IMPLEMENTATION_EVIDENCED,IMPORT,services/backend/src/meal/; services/backend/src/diet-intelligence/; services/backend/src/nutrition/identity/,"meal store, identity helpers, or diet-plan service",services/backend/src/tests/nutrition/recipe-resolver.test.ts; diet-intelligence/*
50,Recipe Nutrient Calculator,Food search / recipes,P1,IMPLEMENTED,NO_DEDICATED_DOMAIN_IMPLEMENTATION_EVIDENCED,IMPORT,services/backend/src/meal/; services/backend/src/diet-intelligence/; services/backend/src/nutrition/identity/,"meal store, identity helpers, or diet-plan service",services/backend/src/tests/nutrition/recipe-resolver.test.ts; diet-intelligence/*
51,Recipe Serving Scaler,Food search / recipes,P1,IMPLEMENTED,NO_DEDICATED_DOMAIN_IMPLEMENTATION_EVIDENCED,IMPORT,services/backend/src/meal/; services/backend/src/diet-intelligence/; services/backend/src/nutrition/identity/,"meal store, identity helpers, or diet-plan service",services/backend/src/tests/nutrition/recipe-resolver.test.ts; diet-intelligence/*
52,Web / Video Recipe Extraction Resolver,Food search / recipes,P1,NOT_FOUND,NO_DEDICATED_DOMAIN_IMPLEMENTATION_EVIDENCED,MISSING_IMPLEMENT,No reliable source evidence,—,No direct test
53,Meal Plan Generator,Food search / recipes,P1,PARTIAL,NO_DEDICATED_DOMAIN_IMPLEMENTATION_EVIDENCED,IMPORT_AND_CLOSE_GAP,services/backend/src/meal/; services/backend/src/diet-intelligence/; services/backend/src/nutrition/identity/,"meal store, identity helpers, or diet-plan service",services/backend/src/tests/nutrition/recipe-resolver.test.ts; diet-intelligence/*
54,Budget-Aware Meal Planner,Food search / recipes,P1,NOT_FOUND,NO_DEDICATED_DOMAIN_IMPLEMENTATION_EVIDENCED,MISSING_IMPLEMENT,No reliable source evidence,—,No direct test
55,Country / Region / Cuisine Matcher,Food search / recipes,P1,NOT_FOUND,NO_DEDICATED_DOMAIN_IMPLEMENTATION_EVIDENCED,MISSING_IMPLEMENT,No reliable source evidence,—,No direct test
56,Grocery List Aggregator,Food search / recipes,P1,PARTIAL,NO_DEDICATED_DOMAIN_IMPLEMENTATION_EVIDENCED,IMPORT_AND_CLOSE_GAP,services/backend/src/meal/; services/backend/src/diet-intelligence/; services/backend/src/nutrition/identity/,"meal store, identity helpers, or diet-plan service",services/backend/src/tests/nutrition/recipe-resolver.test.ts; diet-intelligence/*
57,Meal Timing Planner,Food search / recipes,P1,NOT_FOUND,NO_DEDICATED_DOMAIN_IMPLEMENTATION_EVIDENCED,MISSING_IMPLEMENT,No reliable source evidence,—,No direct test
58,Adult Fasting Eligibility & Session-State Algorithm,Food search / recipes,P1,NOT_FOUND,NO_DEDICATED_DOMAIN_IMPLEMENTATION_EVIDENCED,MISSING_IMPLEMENT,No reliable source evidence,—,No direct test
59,Training Goal Classifier,Core training,P0,IMPLEMENTED,NO_DEDICATED_DOMAIN_IMPLEMENTATION_EVIDENCED,IMPORT,algorithms/training/src/; services/backend/src/training/,generateTrainingPlan and training-service,services/backend/src/tests/training/*; simulation/progression
60,Sport / Modality Router,Core training,P0,PARTIAL,NO_DEDICATED_DOMAIN_IMPLEMENTATION_EVIDENCED,IMPORT_AND_CLOSE_GAP,algorithms/training/src/; services/backend/src/training/,generateTrainingPlan and training-service,services/backend/src/tests/training/*; simulation/progression
61,Exercise Safety & Eligibility Filter,Core training,P0,IMPLEMENTED,NO_DEDICATED_DOMAIN_IMPLEMENTATION_EVIDENCED,IMPORT,algorithms/training/src/; services/backend/src/training/,generateTrainingPlan and training-service,services/backend/src/tests/training/*; simulation/progression
62,Exercise Selection / Ranking Algorithm,Core training,P0,IMPLEMENTED,NO_DEDICATED_DOMAIN_IMPLEMENTATION_EVIDENCED,IMPORT,algorithms/training/src/; services/backend/src/training/,generateTrainingPlan and training-service,services/backend/src/tests/training/*; simulation/progression
63,Equipment Compatibility Filter,Core training,P0,IMPLEMENTED,NO_DEDICATED_DOMAIN_IMPLEMENTATION_EVIDENCED,IMPORT,algorithms/training/src/; services/backend/src/training/,generateTrainingPlan and training-service,services/backend/src/tests/training/*; simulation/progression
64,Exercise Substitution Algorithm,Core training,P0,IMPLEMENTED,NO_DEDICATED_DOMAIN_IMPLEMENTATION_EVIDENCED,IMPORT,algorithms/training/src/; services/backend/src/training/,generateTrainingPlan and training-service,services/backend/src/tests/training/*; simulation/progression
65,Time-Aware Session Sizer,Core training,P0,IMPLEMENTED,NO_DEDICATED_DOMAIN_IMPLEMENTATION_EVIDENCED,IMPORT,algorithms/training/src/; services/backend/src/training/,generateTrainingPlan and training-service,services/backend/src/tests/training/*; simulation/progression
66,Workout Session Generator,Core training,P0,IMPLEMENTED,NO_DEDICATED_DOMAIN_IMPLEMENTATION_EVIDENCED,IMPORT,algorithms/training/src/; services/backend/src/training/,generateTrainingPlan and training-service,services/backend/src/tests/training/*; simulation/progression
67,Training Program Generator,Core training,P0,IMPLEMENTED,NO_DEDICATED_DOMAIN_IMPLEMENTATION_EVIDENCED,IMPORT,algorithms/training/src/; services/backend/src/training/,generateTrainingPlan and training-service,services/backend/src/tests/training/*; simulation/progression
68,Readiness State Engine,Core training,P0,IMPLEMENTED,NO_DEDICATED_DOMAIN_IMPLEMENTATION_EVIDENCED,IMPORT,algorithms/training/src/; services/backend/src/training/,generateTrainingPlan and training-service,services/backend/src/tests/training/*; simulation/progression
69,Muscle Recovery / Fatigue Estimator,Core training,P0,PARTIAL,NO_DEDICATED_DOMAIN_IMPLEMENTATION_EVIDENCED,IMPORT_AND_CLOSE_GAP,algorithms/training/src/; services/backend/src/training/,generateTrainingPlan and training-service,services/backend/src/tests/training/*; simulation/progression
70,Training Workload Estimator,Core training,P0,PARTIAL,NO_DEDICATED_DOMAIN_IMPLEMENTATION_EVIDENCED,IMPORT_AND_CLOSE_GAP,algorithms/training/src/; services/backend/src/training/,generateTrainingPlan and training-service,services/backend/src/tests/training/*; simulation/progression
71,Progression Decision Engine,Core training,P0,IMPLEMENTED,NO_DEDICATED_DOMAIN_IMPLEMENTATION_EVIDENCED,IMPORT,algorithms/training/src/; services/backend/src/training/,generateTrainingPlan and training-service,services/backend/src/tests/training/*; simulation/progression
72,Load / Rep Recommendation Engine,Core training,P0,PARTIAL,NO_DEDICATED_DOMAIN_IMPLEMENTATION_EVIDENCED,IMPORT_AND_CLOSE_GAP,algorithms/training/src/; services/backend/src/training/,generateTrainingPlan and training-service,services/backend/src/tests/training/*; simulation/progression
73,Deload / Adaptation Engine,Core training,P0,PARTIAL,NO_DEDICATED_DOMAIN_IMPLEMENTATION_EVIDENCED,IMPORT_AND_CLOSE_GAP,algorithms/training/src/; services/backend/src/training/,generateTrainingPlan and training-service,services/backend/src/tests/training/*; simulation/progression
74,Exercise Preference / Exclusion Ranker,Core training,P0,PARTIAL,NO_DEDICATED_DOMAIN_IMPLEMENTATION_EVIDENCED,IMPORT_AND_CLOSE_GAP,algorithms/training/src/; services/backend/src/training/,generateTrainingPlan and training-service,services/backend/src/tests/training/*; simulation/progression
75,Missed Workout Reconciler,Core training,P0,IMPLEMENTED,NO_DEDICATED_DOMAIN_IMPLEMENTATION_EVIDENCED,IMPORT,algorithms/training/src/; services/backend/src/training/,generateTrainingPlan and training-service,services/backend/src/tests/training/*; simulation/progression
76,Workout Performance Reconciler,Core training,P0,IMPLEMENTED,NO_DEDICATED_DOMAIN_IMPLEMENTATION_EVIDENCED,IMPORT,algorithms/training/src/; services/backend/src/training/,generateTrainingPlan and training-service,services/backend/src/tests/training/*; simulation/progression
77,Warm-Up Generator,Core training,P0,NOT_FOUND,NO_DEDICATED_DOMAIN_IMPLEMENTATION_EVIDENCED,MISSING_IMPLEMENT,No reliable source evidence,—,No direct test
78,Cool-Down Generator,Core training,P0,NOT_FOUND,NO_DEDICATED_DOMAIN_IMPLEMENTATION_EVIDENCED,MISSING_IMPLEMENT,No reliable source evidence,—,No direct test
79,Strength Training Planner,Sport-specific,P2,IMPLEMENTED,NO_DEDICATED_DOMAIN_IMPLEMENTATION_EVIDENCED,IMPORT,algorithms/training/src/contracts.ts; program-engine.ts; session-requirement.ts,generic training engine only; no sport-specific dispatcher,services/backend/src/tests/training/*; simulation/progression
80,Hypertrophy / Muscle-Emphasis Planner,Sport-specific,P2,IMPLEMENTED,NO_DEDICATED_DOMAIN_IMPLEMENTATION_EVIDENCED,IMPORT,algorithms/training/src/contracts.ts; program-engine.ts; session-requirement.ts,generic training engine only; no sport-specific dispatcher,services/backend/src/tests/training/*; simulation/progression
81,Running / Endurance Planner,Sport-specific,P2,NOT_FOUND,NO_DEDICATED_DOMAIN_IMPLEMENTATION_EVIDENCED,MISSING_IMPLEMENT,No reliable source evidence,—,No direct test
82,Swimming Planner,Sport-specific,P2,NOT_FOUND,NO_DEDICATED_DOMAIN_IMPLEMENTATION_EVIDENCED,MISSING_IMPLEMENT,No reliable source evidence,—,No direct test
83,Football / Soccer Performance Planner,Sport-specific,P2,NOT_FOUND,NO_DEDICATED_DOMAIN_IMPLEMENTATION_EVIDENCED,MISSING_IMPLEMENT,No reliable source evidence,—,No direct test
84,Yoga Planner,Sport-specific,P2,NOT_FOUND,NO_DEDICATED_DOMAIN_IMPLEMENTATION_EVIDENCED,MISSING_IMPLEMENT,No reliable source evidence,—,No direct test
85,Mobility Planner,Sport-specific,P2,PARTIAL,NO_DEDICATED_DOMAIN_IMPLEMENTATION_EVIDENCED,IMPORT_AND_CLOSE_GAP,algorithms/training/src/contracts.ts; program-engine.ts; session-requirement.ts,generic training engine only; no sport-specific dispatcher,services/backend/src/tests/training/*; simulation/progression
86,General Cardio Planner,Sport-specific,P2,PARTIAL,NO_DEDICATED_DOMAIN_IMPLEMENTATION_EVIDENCED,IMPORT_AND_CLOSE_GAP,algorithms/training/src/contracts.ts; program-engine.ts; session-requirement.ts,generic training engine only; no sport-specific dispatcher,services/backend/src/tests/training/*; simulation/progression
87,Competition Taper / Peaking Planner,Sport-specific,P2,NOT_FOUND,NO_DEDICATED_DOMAIN_IMPLEMENTATION_EVIDENCED,MISSING_IMPLEMENT,No reliable source evidence,—,No direct test
88,Cross-Training Interference Manager,Sport-specific,P2,PARTIAL,NO_DEDICATED_DOMAIN_IMPLEMENTATION_EVIDENCED,IMPORT_AND_CLOSE_GAP,algorithms/training/src/contracts.ts; program-engine.ts; session-requirement.ts,generic training engine only; no sport-specific dispatcher,services/backend/src/tests/training/*; simulation/progression
89,Availability Normalizer,Calendar / Today,P0,IMPLEMENTED,NO_DEDICATED_DOMAIN_IMPLEMENTATION_EVIDENCED,IMPORT,services/backend/src/calendar/; services/backend/src/training/calendar-adaptation-requester.ts; services/backend/src/today/,calendar-service / calendar adaptation / sync revision paths,services/backend/src/tests/calendar/*; today/*
90,Calendar Constraint Solver,Calendar / Today,P0,IMPLEMENTED,NO_DEDICATED_DOMAIN_IMPLEMENTATION_EVIDENCED,IMPORT,services/backend/src/calendar/; services/backend/src/training/calendar-adaptation-requester.ts; services/backend/src/today/,calendar-service / calendar adaptation / sync revision paths,services/backend/src/tests/calendar/*; today/*
91,Workout Placement Optimizer,Calendar / Today,P0,IMPLEMENTED,NO_DEDICATED_DOMAIN_IMPLEMENTATION_EVIDENCED,IMPORT,services/backend/src/calendar/; services/backend/src/training/calendar-adaptation-requester.ts; services/backend/src/today/,calendar-service / calendar adaptation / sync revision paths,services/backend/src/tests/calendar/*; today/*
92,Recovery Spacing Optimizer,Calendar / Today,P0,PARTIAL,NO_DEDICATED_DOMAIN_IMPLEMENTATION_EVIDENCED,IMPORT_AND_CLOSE_GAP,services/backend/src/calendar/; services/backend/src/training/calendar-adaptation-requester.ts; services/backend/src/today/,calendar-service / calendar adaptation / sync revision paths,services/backend/src/tests/calendar/*; today/*
93,Meal Timing Placement Optimizer,Calendar / Today,P0,PARTIAL,NO_DEDICATED_DOMAIN_IMPLEMENTATION_EVIDENCED,IMPORT_AND_CLOSE_GAP,services/backend/src/calendar/; services/backend/src/training/calendar-adaptation-requester.ts; services/backend/src/today/,calendar-service / calendar adaptation / sync revision paths,services/backend/src/tests/calendar/*; today/*
94,Calendar Conflict Resolver,Calendar / Today,P0,IMPLEMENTED,NO_DEDICATED_DOMAIN_IMPLEMENTATION_EVIDENCED,IMPORT,services/backend/src/calendar/; services/backend/src/training/calendar-adaptation-requester.ts; services/backend/src/today/,calendar-service / calendar adaptation / sync revision paths,services/backend/src/tests/calendar/*; today/*
95,Calendar Stale-Revision Reconciler,Calendar / Today,P0,IMPLEMENTED,NO_DEDICATED_DOMAIN_IMPLEMENTATION_EVIDENCED,IMPORT,services/backend/src/calendar/; services/backend/src/training/calendar-adaptation-requester.ts; services/backend/src/today/,calendar-service / calendar adaptation / sync revision paths,services/backend/src/tests/calendar/*; today/*
96,Today Candidate Validator,Calendar / Today,P0,IMPLEMENTED,NO_DEDICATED_DOMAIN_IMPLEMENTATION_EVIDENCED,IMPORT,services/backend/src/calendar/; services/backend/src/training/calendar-adaptation-requester.ts; services/backend/src/today/,today service / decision-orchestrator / projection,services/backend/src/tests/calendar/*; today/*
97,Today Next-Best-Action Ranker,Calendar / Today,P0,IMPLEMENTED,NO_DEDICATED_DOMAIN_IMPLEMENTATION_EVIDENCED,IMPORT,services/backend/src/calendar/; services/backend/src/training/calendar-adaptation-requester.ts; services/backend/src/today/,today service / decision-orchestrator / projection,services/backend/src/tests/calendar/*; today/*
98,Today Stale / Unknown Suppression Algorithm,Calendar / Today,P0,IMPLEMENTED,NO_DEDICATED_DOMAIN_IMPLEMENTATION_EVIDENCED,IMPORT,services/backend/src/calendar/; services/backend/src/training/calendar-adaptation-requester.ts; services/backend/src/today/,today service / decision-orchestrator / projection,services/backend/src/tests/calendar/*; today/*
99,Goal-Aware Progress Mode Selector,Progress / reports,P0,IMPLEMENTED,NO_DEDICATED_DOMAIN_IMPLEMENTATION_EVIDENCED,IMPORT,services/backend/src/progress/progress.ts; report/; apps/android/.../feature/progress/,buildProgressEnvelope / reportSnapshotFromProgress,services/backend/src/tests/progress/*; report/*; Android Progress/Wellness tests
100,Strength Progress Calculator,Progress / reports,P0,PARTIAL,NO_DEDICATED_DOMAIN_IMPLEMENTATION_EVIDENCED,IMPORT_AND_CLOSE_GAP,services/backend/src/progress/progress.ts; report/; apps/android/.../feature/progress/,buildProgressEnvelope / reportSnapshotFromProgress,services/backend/src/tests/progress/*; report/*; Android Progress/Wellness tests
101,Swimming Progress Calculator,Progress / reports,P1,NOT_FOUND,NO_DEDICATED_DOMAIN_IMPLEMENTATION_EVIDENCED,MISSING_IMPLEMENT,No reliable source evidence,—,No direct test
102,Running / Endurance Progress Calculator,Progress / reports,P1,NOT_FOUND,NO_DEDICATED_DOMAIN_IMPLEMENTATION_EVIDENCED,MISSING_IMPLEMENT,No reliable source evidence,—,No direct test
103,Yoga / Mobility Progress Calculator,Progress / reports,P1,NOT_FOUND,NO_DEDICATED_DOMAIN_IMPLEMENTATION_EVIDENCED,MISSING_IMPLEMENT,No reliable source evidence,—,No direct test
104,Nutrition Adherence / Trend Calculator,Progress / reports,P1,IMPLEMENTED,NO_DEDICATED_DOMAIN_IMPLEMENTATION_EVIDENCED,IMPORT,services/backend/src/progress/progress.ts; report/; apps/android/.../feature/progress/,buildProgressEnvelope / reportSnapshotFromProgress,services/backend/src/tests/progress/*; report/*; Android Progress/Wellness tests
105,Recovery / Sleep Trend Calculator,Progress / reports,P1,PARTIAL,NO_DEDICATED_DOMAIN_IMPLEMENTATION_EVIDENCED,IMPORT_AND_CLOSE_GAP,services/backend/src/progress/progress.ts; report/; apps/android/.../feature/progress/,buildProgressEnvelope / reportSnapshotFromProgress,services/backend/src/tests/progress/*; report/*; Android Progress/Wellness tests
106,Weight Trend Smoother,Progress / reports,P1,IMPLEMENTED,NO_DEDICATED_DOMAIN_IMPLEMENTATION_EVIDENCED,IMPORT,services/backend/src/progress/progress.ts; report/; apps/android/.../feature/progress/,buildProgressEnvelope / reportSnapshotFromProgress,services/backend/src/tests/progress/*; report/*; Android Progress/Wellness tests
107,Measurement Trend Calculator,Progress / reports,P1,PARTIAL,NO_DEDICATED_DOMAIN_IMPLEMENTATION_EVIDENCED,IMPORT_AND_CLOSE_GAP,services/backend/src/progress/progress.ts; report/; apps/android/.../feature/progress/,buildProgressEnvelope / reportSnapshotFromProgress,services/backend/src/tests/progress/*; report/*; Android Progress/Wellness tests
108,Weekly Report Generator,Progress / reports,P1,IMPLEMENTED,NO_DEDICATED_DOMAIN_IMPLEMENTATION_EVIDENCED,IMPORT,services/backend/src/progress/progress.ts; report/; apps/android/.../feature/progress/,buildProgressEnvelope / reportSnapshotFromProgress,services/backend/src/tests/progress/*; report/*; Android Progress/Wellness tests
109,Monthly Report Generator,Progress / reports,P1,IMPLEMENTED,NO_DEDICATED_DOMAIN_IMPLEMENTATION_EVIDENCED,IMPORT,services/backend/src/progress/progress.ts; report/; apps/android/.../feature/progress/,buildProgressEnvelope / reportSnapshotFromProgress,services/backend/src/tests/progress/*; report/*; Android Progress/Wellness tests
110,Data Quality / Anomaly Detector,Progress / reports,P1,PARTIAL,NO_DEDICATED_DOMAIN_IMPLEMENTATION_EVIDENCED,IMPORT_AND_CLOSE_GAP,services/backend/src/progress/progress.ts; report/; apps/android/.../feature/progress/,buildProgressEnvelope / reportSnapshotFromProgress,services/backend/src/tests/progress/*; report/*; Android Progress/Wellness tests
111,Weekly Check-In Question Selector,Progress / reports,P1,NOT_FOUND,NO_DEDICATED_DOMAIN_IMPLEMENTATION_EVIDENCED,MISSING_IMPLEMENT,No reliable source evidence,—,No direct test
112,Logging Break Detector,Progress / reports,P1,NOT_FOUND,NO_DEDICATED_DOMAIN_IMPLEMENTATION_EVIDENCED,MISSING_IMPLEMENT,No reliable source evidence,—,No direct test
113,Missed Workout Reason Classifier,Progress / reports,P1,PARTIAL,NO_DEDICATED_DOMAIN_IMPLEMENTATION_EVIDENCED,IMPORT_AND_CLOSE_GAP,services/backend/src/progress/progress.ts; report/; apps/android/.../feature/progress/,buildProgressEnvelope / reportSnapshotFromProgress,services/backend/src/tests/progress/*; report/*; Android Progress/Wellness tests
114,Schedule Friction Detector,Progress / reports,P1,NOT_FOUND,NO_DEDICATED_DOMAIN_IMPLEMENTATION_EVIDENCED,MISSING_IMPLEMENT,No reliable source evidence,—,No direct test
115,Adherence Pattern Analyzer,Progress / reports,P1,NOT_FOUND,NO_DEDICATED_DOMAIN_IMPLEMENTATION_EVIDENCED,MISSING_IMPLEMENT,No reliable source evidence,—,No direct test
116,Watch Peer / Account Verification Algorithm,Watch / health / sync,P0,IMPLEMENTED,NO_DEDICATED_DOMAIN_IMPLEMENTATION_EVIDENCED,IMPORT,services/backend/src/sync/; device/; health/; apps/android/.../datalayer/; wear/,sync reconciler / device trust / Wearable listeners,services/backend/src/tests/sync*; Android datalayer tests; Wear tests
117,Canonical Workout Delivery Revision Selector,Watch / health / sync,P0,IMPLEMENTED,NO_DEDICATED_DOMAIN_IMPLEMENTATION_EVIDENCED,IMPORT,services/backend/src/sync/; device/; health/; apps/android/.../datalayer/; wear/,sync reconciler / device trust / Wearable listeners,services/backend/src/tests/sync*; Android datalayer tests; Wear tests
118,Offline Workout Journal Ordering Algorithm,Watch / health / sync,P0,IMPLEMENTED,NO_DEDICATED_DOMAIN_IMPLEMENTATION_EVIDENCED,IMPORT,services/backend/src/sync/; device/; health/; apps/android/.../datalayer/; wear/,sync reconciler / device trust / Wearable listeners,services/backend/src/tests/sync*; Android datalayer tests; Wear tests
119,Sync Idempotency / Deduplication Algorithm,Watch / health / sync,P0,IMPLEMENTED,NO_DEDICATED_DOMAIN_IMPLEMENTATION_EVIDENCED,IMPORT,services/backend/src/sync/; device/; health/; apps/android/.../datalayer/; wear/,sync reconciler / device trust / Wearable listeners,services/backend/src/tests/sync*; Android datalayer tests; Wear tests
120,Stale Event Rejection Algorithm,Watch / health / sync,P0,IMPLEMENTED,NO_DEDICATED_DOMAIN_IMPLEMENTATION_EVIDENCED,IMPORT,services/backend/src/sync/; device/; health/; apps/android/.../datalayer/; wear/,sync reconciler / device trust / Wearable listeners,services/backend/src/tests/sync*; Android datalayer tests; Wear tests
121,Device / User Ownership Gate,Watch / health / sync,P0,IMPLEMENTED,NO_DEDICATED_DOMAIN_IMPLEMENTATION_EVIDENCED,IMPORT,services/backend/src/sync/; device/; health/; apps/android/.../datalayer/; wear/,sync reconciler / device trust / Wearable listeners,services/backend/src/tests/sync*; Android datalayer tests; Wear tests
122,Canonical Sync Reconciler,Watch / health / sync,P0,IMPLEMENTED,NO_DEDICATED_DOMAIN_IMPLEMENTATION_EVIDENCED,IMPORT,services/backend/src/sync/; device/; health/; apps/android/.../datalayer/; wear/,sync reconciler / device trust / Wearable listeners,services/backend/src/tests/sync*; Android datalayer tests; Wear tests
123,Sync Receipt / ACK State Resolver,Watch / health / sync,P0,IMPLEMENTED,NO_DEDICATED_DOMAIN_IMPLEMENTATION_EVIDENCED,IMPORT,services/backend/src/sync/; device/; health/; apps/android/.../datalayer/; wear/,sync reconciler / device trust / Wearable listeners,services/backend/src/tests/sync*; Android datalayer tests; Wear tests
124,Health Data Normalizer,Watch / health / sync,P0,IMPLEMENTED,NO_DEDICATED_DOMAIN_IMPLEMENTATION_EVIDENCED,IMPORT,services/backend/src/sync/; device/; health/; apps/android/.../datalayer/; wear/,sync reconciler / device trust / Wearable listeners,services/backend/src/tests/sync*; Android datalayer tests; Wear tests
125,Health Source Dedupe / Priority Resolver,Watch / health / sync,P0,PARTIAL,NO_DEDICATED_DOMAIN_IMPLEMENTATION_EVIDENCED,IMPORT_AND_CLOSE_GAP,services/backend/src/sync/; device/; health/; apps/android/.../datalayer/; wear/,sync reconciler / device trust / Wearable listeners,services/backend/src/tests/sync*; Android datalayer tests; Wear tests
126,Steps / Activity Aggregator,Watch / health / sync,P0,IMPLEMENTED,NO_DEDICATED_DOMAIN_IMPLEMENTATION_EVIDENCED,IMPORT,services/backend/src/sync/; device/; health/; apps/android/.../datalayer/; wear/,sync reconciler / device trust / Wearable listeners,services/backend/src/tests/sync*; Android datalayer tests; Wear tests
127,Sleep Summary Extractor,Watch / health / sync,P0,NOT_FOUND,NO_DEDICATED_DOMAIN_IMPLEMENTATION_EVIDENCED,MISSING_IMPLEMENT,No reliable source evidence,—,No direct test
128,Imported Workout Reconciler,Watch / health / sync,P0,PARTIAL,NO_DEDICATED_DOMAIN_IMPLEMENTATION_EVIDENCED,IMPORT_AND_CLOSE_GAP,services/backend/src/sync/; device/; health/; apps/android/.../datalayer/; wear/,sync reconciler / device trust / Wearable listeners,services/backend/src/tests/sync*; Android datalayer tests; Wear tests
129,Recovery Signal Extractor,Watch / health / sync,P0,PARTIAL,NO_DEDICATED_DOMAIN_IMPLEMENTATION_EVIDENCED,IMPORT_AND_CLOSE_GAP,services/backend/src/sync/; device/; health/; apps/android/.../datalayer/; wear/,sync reconciler / device trust / Wearable listeners,services/backend/src/tests/sync*; Android datalayer tests; Wear tests
130,Offline-to-Online State Merge Algorithm,Watch / health / sync,P0,IMPLEMENTED,NO_DEDICATED_DOMAIN_IMPLEMENTATION_EVIDENCED,IMPORT,services/backend/src/sync/; device/; health/; apps/android/.../datalayer/; wear/,sync reconciler / device trust / Wearable listeners,services/backend/src/tests/sync*; Android datalayer tests; Wear tests
131,AI Provider / Model Router,AI orchestration,P0,IMPLEMENTED,NO_DEDICATED_DOMAIN_IMPLEMENTATION_EVIDENCED,IMPORT,services/backend/src/nutrition/vision/providers/; nutrition/validation/; nutrition/algorithm/,configured vision router / pipeline validation,services/backend/src/tests/nutrition/*provider*; schema/validation tests
132,Structured Output Validator,AI orchestration,P0,IMPLEMENTED,NO_DEDICATED_DOMAIN_IMPLEMENTATION_EVIDENCED,IMPORT,services/backend/src/nutrition/vision/providers/; nutrition/validation/; nutrition/algorithm/,configured vision router / pipeline validation,services/backend/src/tests/nutrition/*provider*; schema/validation tests
133,Provider Fallback / Abstention Engine,AI orchestration,P0,IMPLEMENTED,NO_DEDICATED_DOMAIN_IMPLEMENTATION_EVIDENCED,IMPORT,services/backend/src/nutrition/vision/providers/; nutrition/validation/; nutrition/algorithm/,configured vision router / pipeline validation,services/backend/src/tests/nutrition/*provider*; schema/validation tests
134,Evidence Grounding Checker,AI orchestration,P0,PARTIAL,NO_DEDICATED_DOMAIN_IMPLEMENTATION_EVIDENCED,IMPORT_AND_CLOSE_GAP,services/backend/src/nutrition/vision/providers/; nutrition/validation/; nutrition/algorithm/,configured vision router / pipeline validation,services/backend/src/tests/nutrition/*provider*; schema/validation tests
135,AI Cost / Token Policy Router,AI orchestration,P0,PARTIAL,NO_DEDICATED_DOMAIN_IMPLEMENTATION_EVIDENCED,IMPORT_AND_CLOSE_GAP,services/backend/src/nutrition/vision/providers/; nutrition/validation/; nutrition/algorithm/,configured vision router / pipeline validation,services/backend/src/tests/nutrition/*provider*; schema/validation tests
136,Explanation / Reason-Code Generator,AI orchestration,P0,IMPLEMENTED,NO_DEDICATED_DOMAIN_IMPLEMENTATION_EVIDENCED,IMPORT,services/backend/src/nutrition/vision/providers/; nutrition/validation/; nutrition/algorithm/,configured vision router / pipeline validation,services/backend/src/tests/nutrition/*provider*; schema/validation tests
137,Expert Specialty Matcher,Human expert network,FUTURE,FUTURE,NO_DEDICATED_DOMAIN_IMPLEMENTATION_EVIDENCED,FUTURE_OUT_OF_SCOPE,No current runtime; future-scope domain,—,—
138,Expert Credential / Scope Validator,Human expert network,FUTURE,FUTURE,NO_DEDICATED_DOMAIN_IMPLEMENTATION_EVIDENCED,FUTURE_OUT_OF_SCOPE,No current runtime; future-scope domain,—,—
139,User Data Scope Resolver,Human expert network,FUTURE,FUTURE,NO_DEDICATED_DOMAIN_IMPLEMENTATION_EVIDENCED,FUTURE_OUT_OF_SCOPE,No current runtime; future-scope domain,—,—
140,Expert Report Generator,Human expert network,FUTURE,FUTURE,NO_DEDICATED_DOMAIN_IMPLEMENTATION_EVIDENCED,FUTURE_OUT_OF_SCOPE,No current runtime; future-scope domain,—,—
141,Expert Proposal Scope Validator,Human expert network,FUTURE,FUTURE,NO_DEDICATED_DOMAIN_IMPLEMENTATION_EVIDENCED,FUTURE_OUT_OF_SCOPE,No current runtime; future-scope domain,—,—
142,Proposal Conflict Detector,Human expert network,FUTURE,FUTURE,NO_DEDICATED_DOMAIN_IMPLEMENTATION_EVIDENCED,FUTURE_OUT_OF_SCOPE,No current runtime; future-scope domain,—,—
143,Multi-Expert Conflict Resolver,Human expert network,FUTURE,FUTURE,NO_DEDICATED_DOMAIN_IMPLEMENTATION_EVIDENCED,FUTURE_OUT_OF_SCOPE,No current runtime; future-scope domain,—,—
144,Expert Proposal Canonicalization Engine,Human expert network,FUTURE,FUTURE,NO_DEDICATED_DOMAIN_IMPLEMENTATION_EVIDENCED,FUTURE_OUT_OF_SCOPE,No current runtime; future-scope domain,—,—
145,Creator-vs-Professional Content Classifier,Human expert network,FUTURE,FUTURE,NO_DEDICATED_DOMAIN_IMPLEMENTATION_EVIDENCED,FUTURE_OUT_OF_SCOPE,No current runtime; future-scope domain,—,—
146,Sponsorship / Conflict-of-Interest Labeler,Human expert network,FUTURE,FUTURE,NO_DEDICATED_DOMAIN_IMPLEMENTATION_EVIDENCED,FUTURE_OUT_OF_SCOPE,No current runtime; future-scope domain,—,—
147,Expert Alert Triage Algorithm,Human expert network,FUTURE,FUTURE,NO_DEDICATED_DOMAIN_IMPLEMENTATION_EVIDENCED,FUTURE_OUT_OF_SCOPE,No current runtime; future-scope domain,—,—
148,Marketplace Quality / Reputation Ranker,Human expert network,FUTURE,FUTURE,NO_DEDICATED_DOMAIN_IMPLEMENTATION_EVIDENCED,FUTURE_OUT_OF_SCOPE,No current runtime; future-scope domain,—,—
149,Moderation / Risk Triage Algorithm,Human expert network,FUTURE,FUTURE,NO_DEDICATED_DOMAIN_IMPLEMENTATION_EVIDENCED,FUTURE_OUT_OF_SCOPE,No current runtime; future-scope domain,—,—
150,Clinical-Lane Routing Gate,Human expert network,FUTURE,FUTURE,NO_DEDICATED_DOMAIN_IMPLEMENTATION_EVIDENCED,FUTURE_OUT_OF_SCOPE,No current runtime; future-scope domain,—,—
151,Consent Expiry / Revocation Resolver,Human expert network,FUTURE,FUTURE,NO_DEDICATED_DOMAIN_IMPLEMENTATION_EVIDENCED,FUTURE_OUT_OF_SCOPE,No current runtime; future-scope domain,—,—
152,Dynamic Energy Expenditure Estimator,Competitor gap,P1,PARTIAL,NO_DEDICATED_DOMAIN_IMPLEMENTATION_EVIDENCED,IMPORT_AND_CLOSE_GAP,services/backend/src/diet-intelligence/; services/backend/src/foundation/target-engine.ts; services/backend/src/progress/; algorithms/training/src/,target/recommendation/progress/training composition,—
153,Partial Logging Quality Classifier,Competitor gap,P1,PARTIAL,NO_DEDICATED_DOMAIN_IMPLEMENTATION_EVIDENCED,IMPORT_AND_CLOSE_GAP,services/backend/src/diet-intelligence/; services/backend/src/foundation/target-engine.ts; services/backend/src/progress/; algorithms/training/src/,target/recommendation/progress/training composition,—
154,Weekly Target Adjustment Smoother,Competitor gap,P1,PARTIAL,NO_DEDICATED_DOMAIN_IMPLEMENTATION_EVIDENCED,IMPORT_AND_CLOSE_GAP,services/backend/src/diet-intelligence/; services/backend/src/foundation/target-engine.ts; services/backend/src/progress/; algorithms/training/src/,target/recommendation/progress/training composition,—
155,Full Nutrient Adequacy Analyzer,Competitor gap,P1,NOT_FOUND,NO_DEDICATED_DOMAIN_IMPLEMENTATION_EVIDENCED,MISSING_IMPLEMENT,No reliable source evidence,—,No direct test
156,Food Nutrient Contribution Ranker,Competitor gap,P1,PARTIAL,NO_DEDICATED_DOMAIN_IMPLEMENTATION_EVIDENCED,IMPORT_AND_CLOSE_GAP,services/backend/src/diet-intelligence/; services/backend/src/foundation/target-engine.ts; services/backend/src/progress/; algorithms/training/src/,target/recommendation/progress/training composition,—
157,Cross-Metric Correlation Analyzer,Competitor gap,P1,NOT_FOUND,NO_DEDICATED_DOMAIN_IMPLEMENTATION_EVIDENCED,MISSING_IMPLEMENT,No reliable source evidence,—,No direct test
158,Recipe Recommendation Ranker,Competitor gap,P1,IMPLEMENTED,NO_DEDICATED_DOMAIN_IMPLEMENTATION_EVIDENCED,IMPORT,services/backend/src/diet-intelligence/; services/backend/src/foundation/target-engine.ts; services/backend/src/progress/; algorithms/training/src/,target/recommendation/progress/training composition,—
159,Meal Plan Swap / Replan Optimizer,Competitor gap,P2,NOT_FOUND,NO_DEDICATED_DOMAIN_IMPLEMENTATION_EVIDENCED,MISSING_IMPLEMENT,No reliable source evidence,—,No direct test
160,Household Meal Portion Planner,Competitor gap,P2,NOT_FOUND,NO_DEDICATED_DOMAIN_IMPLEMENTATION_EVIDENCED,MISSING_IMPLEMENT,No reliable source evidence,—,No direct test
161,Nutrition Label Extraction / Resolver,Competitor gap,P2,PARTIAL,NO_DEDICATED_DOMAIN_IMPLEMENTATION_EVIDENCED,IMPORT_AND_CLOSE_GAP,services/backend/src/diet-intelligence/; services/backend/src/foundation/target-engine.ts; services/backend/src/progress/; algorithms/training/src/,target/recommendation/progress/training composition,—
162,Restaurant / Menu Candidate Resolver,Competitor gap,P2,NOT_FOUND,NO_DEDICATED_DOMAIN_IMPLEMENTATION_EVIDENCED,MISSING_IMPLEMENT,No reliable source evidence,—,No direct test
163,Estimated Strength / 1RM Model,Competitor gap,P2,NOT_FOUND,NO_DEDICATED_DOMAIN_IMPLEMENTATION_EVIDENCED,MISSING_IMPLEMENT,No reliable source evidence,—,No direct test
164,Training Volume Balance Optimizer,Competitor gap,P2,NOT_FOUND,NO_DEDICATED_DOMAIN_IMPLEMENTATION_EVIDENCED,MISSING_IMPLEMENT,No reliable source evidence,—,No direct test
165,Superset / Circuit Composer,Competitor gap,P2,NOT_FOUND,NO_DEDICATED_DOMAIN_IMPLEMENTATION_EVIDENCED,MISSING_IMPLEMENT,No reliable source evidence,—,No direct test
166,Workout Refresh Trigger Orchestrator,Competitor gap,P2,PARTIAL,NO_DEDICATED_DOMAIN_IMPLEMENTATION_EVIDENCED,IMPORT_AND_CLOSE_GAP,services/backend/src/diet-intelligence/; services/backend/src/foundation/target-engine.ts; services/backend/src/progress/; algorithms/training/src/,target/recommendation/progress/training composition,—
167,Behavior Intervention Ranker,Competitor gap,P2,PARTIAL,NO_DEDICATED_DOMAIN_IMPLEMENTATION_EVIDENCED,IMPORT_AND_CLOSE_GAP,services/backend/src/diet-intelligence/; services/backend/src/foundation/target-engine.ts; services/backend/src/progress/; algorithms/training/src/,target/recommendation/progress/training composition,—
