algorithm_no,algorithm,family,notion_legacy_implementation_status,notion_architecture_status,notion_legacy_existing_files,notion_scientific_validation,src000_movefuel2_status,src001_movefule1_status,src001_present_paths,src001_missing_paths,src002_older_zip_status,src003_additional_status,src004_g_latest_status,final_disposition,canonical_path,notes
1,Age & Eligibility Policy Algorithm,Profile + Targets,Implemented,Planned,services/backend/src/foundation/target-eligibility-policy.ts; services/backend/src/foundation/target-engine.ts; services/backend/src/foundation/profile.ts,Not applicable,NO_DEDICATED_DOMAIN_IMPLEMENTATION_EVIDENCED,LEGACY_PATHS_PRESENT,services/backend/src/foundation/target-eligibility-policy.ts; services/backend/src/foundation/target-engine.ts; services/backend/src/foundation/profile.ts,,WAITING_ZIP,OPTIONAL_WAITING,WAITING_ZIP,UNDECIDED,,SRC-001 status is structural path evidence only; semantic correctness is not yet judged.
2,Profile Completeness / Unknown Gate,Profile + Targets,Implemented,Planned,services/backend/src/foundation/target-eligibility-policy.ts; services/backend/src/foundation/target-engine.ts; services/backend/src/diet-intelligence/profile-policy.ts,Not applicable,NO_DEDICATED_DOMAIN_IMPLEMENTATION_EVIDENCED,LEGACY_PATHS_PRESENT,services/backend/src/foundation/target-eligibility-policy.ts; services/backend/src/foundation/target-engine.ts; services/backend/src/diet-intelligence/profile-policy.ts,,WAITING_ZIP,OPTIONAL_WAITING,WAITING_ZIP,UNDECIDED,,SRC-001 status is structural path evidence only; semantic correctness is not yet judged.
3,Unit Normalization Algorithm,Profile + Targets,Implemented,Planned,services/backend/src/foundation/profile.ts; services/backend/src/foundation/target-engine.ts,Not applicable,NO_DEDICATED_DOMAIN_IMPLEMENTATION_EVIDENCED,LEGACY_PATHS_PRESENT,services/backend/src/foundation/profile.ts; services/backend/src/foundation/target-engine.ts,,WAITING_ZIP,OPTIONAL_WAITING,WAITING_ZIP,UNDECIDED,,SRC-001 status is structural path evidence only; semantic correctness is not yet judged.
4,Activity Normalization Algorithm,Profile + Targets,Implemented,Planned,services/backend/src/foundation/target-engine.ts; services/backend/src/foundation/profile.ts,Needs validation,NO_DEDICATED_DOMAIN_IMPLEMENTATION_EVIDENCED,LEGACY_PATHS_PRESENT,services/backend/src/foundation/target-engine.ts; services/backend/src/foundation/profile.ts,,WAITING_ZIP,OPTIONAL_WAITING,WAITING_ZIP,UNDECIDED,,SRC-001 status is structural path evidence only; semantic correctness is not yet judged.
5,Energy Target Estimator,Profile + Targets,Implemented,Planned,services/backend/src/foundation/target-engine.ts; services/backend/src/foundation/target-eligibility-policy.ts; services/backend/src/foundation/profile.ts,Partially validated,NO_DEDICATED_DOMAIN_IMPLEMENTATION_EVIDENCED,LEGACY_PATHS_PRESENT,services/backend/src/foundation/target-engine.ts; services/backend/src/foundation/target-eligibility-policy.ts; services/backend/src/foundation/profile.ts,,WAITING_ZIP,OPTIONAL_WAITING,WAITING_ZIP,UNDECIDED,,SRC-001 status is structural path evidence only; semantic correctness is not yet judged.
6,Protein Target Estimator,Profile + Targets,Implemented,Planned,services/backend/src/foundation/target-engine.ts,Partially validated,NO_DEDICATED_DOMAIN_IMPLEMENTATION_EVIDENCED,LEGACY_PATHS_PRESENT,services/backend/src/foundation/target-engine.ts,,WAITING_ZIP,OPTIONAL_WAITING,WAITING_ZIP,UNDECIDED,,SRC-001 status is structural path evidence only; semantic correctness is not yet judged.
7,Carbohydrate Target Allocator,Profile + Targets,Implemented,Planned,services/backend/src/foundation/target-engine.ts,Partially validated,NO_DEDICATED_DOMAIN_IMPLEMENTATION_EVIDENCED,LEGACY_PATHS_PRESENT,services/backend/src/foundation/target-engine.ts,,WAITING_ZIP,OPTIONAL_WAITING,WAITING_ZIP,UNDECIDED,,SRC-001 status is structural path evidence only; semantic correctness is not yet judged.
8,Fat Target Allocator,Profile + Targets,Implemented,Planned,services/backend/src/foundation/target-engine.ts,Partially validated,NO_DEDICATED_DOMAIN_IMPLEMENTATION_EVIDENCED,LEGACY_PATHS_PRESENT,services/backend/src/foundation/target-engine.ts,,WAITING_ZIP,OPTIONAL_WAITING,WAITING_ZIP,UNDECIDED,,SRC-001 status is structural path evidence only; semantic correctness is not yet judged.
9,Fiber Target Estimator,Profile + Targets,Implemented,Planned,services/backend/src/foundation/target-engine.ts,Partially validated,NO_DEDICATED_DOMAIN_IMPLEMENTATION_EVIDENCED,LEGACY_PATHS_PRESENT,services/backend/src/foundation/target-engine.ts,,WAITING_ZIP,OPTIONAL_WAITING,WAITING_ZIP,UNDECIDED,,SRC-001 status is structural path evidence only; semantic correctness is not yet judged.
10,Different-Target-by-Day Scheduler,Profile + Targets,Planned only,Planned,Current target engine/profile persistence provide one effective canonical target revision; no weekday/day-context target scheduler was evidenced in the inspected target implementation.,Needs validation,NO_DEDICATED_DOMAIN_IMPLEMENTATION_EVIDENCED,NO_LEGACY_PATH_HINT,,,WAITING_ZIP,OPTIONAL_WAITING,WAITING_ZIP,UNDECIDED,,SRC-001 status is structural path evidence only; semantic correctness is not yet judged.
11,Meal-Level Target Distribution Algorithm,Profile + Targets,Planned only,Planned,No dedicated meal-level target distribution algorithm evidenced in inspected target/diet code.,Needs validation,NO_DEDICATED_DOMAIN_IMPLEMENTATION_EVIDENCED,NO_LEGACY_PATH_HINT,,,WAITING_ZIP,OPTIONAL_WAITING,WAITING_ZIP,UNDECIDED,,SRC-001 status is structural path evidence only; semantic correctness is not yet judged.
12,Target Recalibration Algorithm,Profile + Targets,Implemented,Planned,services/backend/src/foundation/target-engine.ts; services/backend/src/foundation/profile.ts,Partially validated,NO_DEDICATED_DOMAIN_IMPLEMENTATION_EVIDENCED,LEGACY_PATHS_PRESENT,services/backend/src/foundation/target-engine.ts; services/backend/src/foundation/profile.ts,,WAITING_ZIP,OPTIONAL_WAITING,WAITING_ZIP,UNDECIDED,,SRC-001 status is structural path evidence only; semantic correctness is not yet judged.
13,Target Evidence Sufficiency / HOLD Algorithm,Profile + Targets,Implemented,Planned,services/backend/src/foundation/target-eligibility-policy.ts; services/backend/src/foundation/target-engine.ts,Not applicable,NO_DEDICATED_DOMAIN_IMPLEMENTATION_EVIDENCED,LEGACY_PATHS_PRESENT,services/backend/src/foundation/target-eligibility-policy.ts; services/backend/src/foundation/target-engine.ts,,WAITING_ZIP,OPTIONAL_WAITING,WAITING_ZIP,UNDECIDED,,SRC-001 status is structural path evidence only; semantic correctness is not yet judged.
14,Target Revision Reason Generator,Profile + Targets,Partial,Planned,services/backend/src/foundation/target-eligibility-policy.ts; services/backend/src/foundation/target-engine.ts; services/backend/src/foundation/profile.ts,Not applicable,NO_DEDICATED_DOMAIN_IMPLEMENTATION_EVIDENCED,LEGACY_PATHS_PRESENT,services/backend/src/foundation/target-eligibility-policy.ts; services/backend/src/foundation/target-engine.ts; services/backend/src/foundation/profile.ts,,WAITING_ZIP,OPTIONAL_WAITING,WAITING_ZIP,UNDECIDED,,SRC-001 status is structural path evidence only; semantic correctness is not yet judged.
15,Camera Input Router,PortionWise,Partial,Planned,services/backend/src/nutrition/vision/configuredVisionRouter.ts; services/backend/src/nutrition/algorithm/imageEstimatePipeline.ts; meal camera/image routes,Not applicable,NO_DEDICATED_DOMAIN_IMPLEMENTATION_EVIDENCED,LEGACY_PATHS_PRESENT,services/backend/src/nutrition/vision/configuredVisionRouter.ts; services/backend/src/nutrition/algorithm/imageEstimatePipeline.ts,,WAITING_ZIP,OPTIONAL_WAITING,WAITING_ZIP,UNDECIDED,,SRC-001 status is structural path evidence only; semantic correctness is not yet judged.
16,Image Quality Scorer,PortionWise,Implemented,Planned,services/backend/src/nutrition/vision/qualityAssessment.ts; services/backend/src/nutrition/vision/openCvPixelQualityAssessor.ts; services/backend/src/nutrition/algorithm/imageEstimatePipeline.ts,Needs validation,NO_DEDICATED_DOMAIN_IMPLEMENTATION_EVIDENCED,LEGACY_PATHS_PRESENT,services/backend/src/nutrition/vision/qualityAssessment.ts; services/backend/src/nutrition/vision/openCvPixelQualityAssessor.ts; services/backend/src/nutrition/algorithm/imageEstimatePipeline.ts,,WAITING_ZIP,OPTIONAL_WAITING,WAITING_ZIP,UNDECIDED,,SRC-001 status is structural path evidence only; semantic correctness is not yet judged.
17,Food Region Detector,PortionWise,Implemented,Planned,services/backend/src/nutrition/vision/segmentationAdapter.ts; services/backend/src/nutrition/algorithm/imageEstimatePipeline.ts,Needs validation,NO_DEDICATED_DOMAIN_IMPLEMENTATION_EVIDENCED,LEGACY_PATHS_PRESENT,services/backend/src/nutrition/vision/segmentationAdapter.ts; services/backend/src/nutrition/algorithm/imageEstimatePipeline.ts,,WAITING_ZIP,OPTIONAL_WAITING,WAITING_ZIP,UNDECIDED,,SRC-001 status is structural path evidence only; semantic correctness is not yet judged.
18,Food Segmentation Algorithm,PortionWise,Implemented,Planned,services/backend/src/nutrition/vision/segmentationAdapter.ts; services/backend/src/nutrition/algorithm/imageEstimatePipeline.ts,Needs validation,NO_DEDICATED_DOMAIN_IMPLEMENTATION_EVIDENCED,LEGACY_PATHS_PRESENT,services/backend/src/nutrition/vision/segmentationAdapter.ts; services/backend/src/nutrition/algorithm/imageEstimatePipeline.ts,,WAITING_ZIP,OPTIONAL_WAITING,WAITING_ZIP,UNDECIDED,,SRC-001 status is structural path evidence only; semantic correctness is not yet judged.
19,Food Candidate Generator,PortionWise,Implemented,Planned,services/backend/src/nutrition/vision/candidateProviderAdapter.ts; services/backend/src/nutrition/vision/candidateGraph.ts; services/backend/src/nutrition/algorithm/imageEstimatePipeline.ts,Needs validation,NO_DEDICATED_DOMAIN_IMPLEMENTATION_EVIDENCED,LEGACY_PATHS_PRESENT,services/backend/src/nutrition/vision/candidateProviderAdapter.ts; services/backend/src/nutrition/vision/candidateGraph.ts; services/backend/src/nutrition/algorithm/imageEstimatePipeline.ts,,WAITING_ZIP,OPTIONAL_WAITING,WAITING_ZIP,UNDECIDED,,SRC-001 status is structural path evidence only; semantic correctness is not yet judged.
20,Preparation-State Inference Algorithm,PortionWise,Implemented,Planned,services/backend/src/nutrition/vision/candidateProviderAdapter.ts; services/backend/src/nutrition/identity/foodResolver.ts; services/backend/src/nutrition/algorithm/imageEstimatePipeline.ts,Needs validation,NO_DEDICATED_DOMAIN_IMPLEMENTATION_EVIDENCED,LEGACY_PATHS_PRESENT,services/backend/src/nutrition/vision/candidateProviderAdapter.ts; services/backend/src/nutrition/identity/foodResolver.ts; services/backend/src/nutrition/algorithm/imageEstimatePipeline.ts,,WAITING_ZIP,OPTIONAL_WAITING,WAITING_ZIP,UNDECIDED,,SRC-001 status is structural path evidence only; semantic correctness is not yet judged.
21,Food Identity Resolver,PortionWise,Implemented,Planned,services/backend/src/nutrition/identity/foodResolver.ts; services/backend/src/nutrition/identity/regionalIdentity.ts; services/backend/src/nutrition/algorithm/imageEstimatePipeline.ts,Needs validation,NO_DEDICATED_DOMAIN_IMPLEMENTATION_EVIDENCED,LEGACY_PATHS_PRESENT,services/backend/src/nutrition/identity/foodResolver.ts; services/backend/src/nutrition/identity/regionalIdentity.ts; services/backend/src/nutrition/algorithm/imageEstimatePipeline.ts,,WAITING_ZIP,OPTIONAL_WAITING,WAITING_ZIP,UNDECIDED,,SRC-001 status is structural path evidence only; semantic correctness is not yet judged.
22,Trusted Food-Source Resolver,PortionWise,Implemented,Planned,services/backend/src/nutrition/identity/foodResolver.ts; services/backend/src/nutrition/identity/knowledgeNutritionResolver.ts; services/backend/src/nutrition/identity/reviewedRecipeCalculator.ts; services/backend/src/nutrition/identity/knowledgeSnapshot.ts,Needs validation,NO_DEDICATED_DOMAIN_IMPLEMENTATION_EVIDENCED,LEGACY_PATHS_PRESENT,services/backend/src/nutrition/identity/foodResolver.ts; services/backend/src/nutrition/identity/knowledgeNutritionResolver.ts; services/backend/src/nutrition/identity/reviewedRecipeCalculator.ts; services/backend/src/nutrition/identity/knowledgeSnapshot.ts,,WAITING_ZIP,OPTIONAL_WAITING,WAITING_ZIP,UNDECIDED,,SRC-001 status is structural path evidence only; semantic correctness is not yet judged.
23,Physical Portion Evidence Extractor,PortionWise,Implemented,Planned,services/backend/src/nutrition/portion/portionEvidence.ts; services/backend/src/nutrition/portion/physicalEvidenceGraph.ts; services/backend/src/nutrition/algorithm/imageEstimatePipeline.ts,Needs validation,NO_DEDICATED_DOMAIN_IMPLEMENTATION_EVIDENCED,LEGACY_PATHS_PRESENT,services/backend/src/nutrition/portion/portionEvidence.ts; services/backend/src/nutrition/portion/physicalEvidenceGraph.ts; services/backend/src/nutrition/algorithm/imageEstimatePipeline.ts,,WAITING_ZIP,OPTIONAL_WAITING,WAITING_ZIP,UNDECIDED,,SRC-001 status is structural path evidence only; semantic correctness is not yet judged.
24,Food Volume Estimator,PortionWise,Implemented,Planned,services/backend/src/nutrition/portion/volumeReconstruction.ts; services/backend/src/nutrition/portion/depthScaleAdapter.ts; services/backend/src/nutrition/portion/sidecarDepthScaleAdapter.ts; services/backend/src/nutrition/portion/shapeAwareEvidence.ts,Needs validation,NO_DEDICATED_DOMAIN_IMPLEMENTATION_EVIDENCED,LEGACY_PATHS_PRESENT,services/backend/src/nutrition/portion/volumeReconstruction.ts; services/backend/src/nutrition/portion/depthScaleAdapter.ts; services/backend/src/nutrition/portion/sidecarDepthScaleAdapter.ts; services/backend/src/nutrition/portion/shapeAwareEvidence.ts,,WAITING_ZIP,OPTIONAL_WAITING,WAITING_ZIP,UNDECIDED,,SRC-001 status is structural path evidence only; semantic correctness is not yet judged.
25,Piece / Count Estimator,PortionWise,Partial,Planned,services/backend/src/nutrition/portion/portionEstimator.ts; services/backend/src/nutrition/confidence/clarification.ts,Needs validation,NO_DEDICATED_DOMAIN_IMPLEMENTATION_EVIDENCED,LEGACY_PATHS_PRESENT,services/backend/src/nutrition/portion/portionEstimator.ts; services/backend/src/nutrition/confidence/clarification.ts,,WAITING_ZIP,OPTIONAL_WAITING,WAITING_ZIP,UNDECIDED,,SRC-001 status is structural path evidence only; semantic correctness is not yet judged.
26,Density Selector,PortionWise,Implemented,Planned,services/backend/src/nutrition/portion/densityLibrary.ts; services/backend/src/nutrition/portion/portionEstimator.ts; services/backend/src/nutrition/algorithm/imageEstimatePipeline.ts,Needs validation,NO_DEDICATED_DOMAIN_IMPLEMENTATION_EVIDENCED,LEGACY_PATHS_PRESENT,services/backend/src/nutrition/portion/densityLibrary.ts; services/backend/src/nutrition/portion/portionEstimator.ts; services/backend/src/nutrition/algorithm/imageEstimatePipeline.ts,,WAITING_ZIP,OPTIONAL_WAITING,WAITING_ZIP,UNDECIDED,,SRC-001 status is structural path evidence only; semantic correctness is not yet judged.
27,Mass-Range Estimator,PortionWise,Implemented,Planned,services/backend/src/nutrition/portion/portionEstimator.ts; services/backend/src/nutrition/portion/physicalEvidenceGraph.ts,Needs validation,NO_DEDICATED_DOMAIN_IMPLEMENTATION_EVIDENCED,LEGACY_PATHS_PRESENT,services/backend/src/nutrition/portion/portionEstimator.ts; services/backend/src/nutrition/portion/physicalEvidenceGraph.ts,,WAITING_ZIP,OPTIONAL_WAITING,WAITING_ZIP,UNDECIDED,,SRC-001 status is structural path evidence only; semantic correctness is not yet judged.
28,Trusted Nutrient Calculator,PortionWise,Implemented,Planned,services/backend/src/nutrition/nutrients/nutrientCalculator.ts; services/backend/src/nutrition/algorithm/nutrientProjection.ts; services/backend/src/nutrition/algorithm/imageEstimatePipeline.ts,Needs validation,NO_DEDICATED_DOMAIN_IMPLEMENTATION_EVIDENCED,LEGACY_PATHS_PRESENT,services/backend/src/nutrition/nutrients/nutrientCalculator.ts; services/backend/src/nutrition/algorithm/nutrientProjection.ts; services/backend/src/nutrition/algorithm/imageEstimatePipeline.ts,,WAITING_ZIP,OPTIONAL_WAITING,WAITING_ZIP,UNDECIDED,,SRC-001 status is structural path evidence only; semantic correctness is not yet judged.
29,Uncertainty Propagation Algorithm,PortionWise,Implemented,Planned,services/backend/src/nutrition/algorithm/imageEstimatePipeline.ts; services/backend/src/nutrition/algorithm/nutrientProjection.ts; services/backend/src/nutrition/portion/portionEstimator.ts; services/backend/src/nutrition/confidence/confidence.ts,Needs validation,NO_DEDICATED_DOMAIN_IMPLEMENTATION_EVIDENCED,LEGACY_PATHS_PRESENT,services/backend/src/nutrition/algorithm/imageEstimatePipeline.ts; services/backend/src/nutrition/algorithm/nutrientProjection.ts; services/backend/src/nutrition/portion/portionEstimator.ts; services/backend/src/nutrition/confidence/confidence.ts,,WAITING_ZIP,OPTIONAL_WAITING,WAITING_ZIP,UNDECIDED,,SRC-001 status is structural path evidence only; semantic correctness is not yet judged.
30,Confidence Calibration Algorithm,PortionWise,Implemented,Planned,services/backend/src/nutrition/algorithm/estimateConfidencePolicy.ts; services/backend/src/nutrition/confidence/confidence.ts; services/backend/src/nutrition/confidence/intervalCalibration.ts,Needs validation,NO_DEDICATED_DOMAIN_IMPLEMENTATION_EVIDENCED,LEGACY_PATHS_PRESENT,services/backend/src/nutrition/algorithm/estimateConfidencePolicy.ts; services/backend/src/nutrition/confidence/confidence.ts; services/backend/src/nutrition/confidence/intervalCalibration.ts,,WAITING_ZIP,OPTIONAL_WAITING,WAITING_ZIP,UNDECIDED,,SRC-001 status is structural path evidence only; semantic correctness is not yet judged.
31,Clarification Question Selector,PortionWise,Implemented,Planned,services/backend/src/nutrition/confidence/clarification.ts; services/backend/src/nutrition/algorithm/imageEstimatePipeline.ts,Needs validation,NO_DEDICATED_DOMAIN_IMPLEMENTATION_EVIDENCED,LEGACY_PATHS_PRESENT,services/backend/src/nutrition/confidence/clarification.ts; services/backend/src/nutrition/algorithm/imageEstimatePipeline.ts,,WAITING_ZIP,OPTIONAL_WAITING,WAITING_ZIP,UNDECIDED,,SRC-001 status is structural path evidence only; semantic correctness is not yet judged.
32,User Correction Reconciler,PortionWise,Implemented,Planned,services/backend/src/nutrition/algorithm/imageEstimatePipeline.ts; services/backend/src/meal/store.ts; services/backend/src/meal/confirmed-meal-projection.ts,Not applicable,NO_DEDICATED_DOMAIN_IMPLEMENTATION_EVIDENCED,LEGACY_PATHS_PRESENT,services/backend/src/nutrition/algorithm/imageEstimatePipeline.ts; services/backend/src/meal/store.ts; services/backend/src/meal/confirmed-meal-projection.ts,,WAITING_ZIP,OPTIONAL_WAITING,WAITING_ZIP,UNDECIDED,,SRC-001 status is structural path evidence only; semantic correctness is not yet judged.
33,Meal Draft Revision Algorithm,PortionWise,Implemented,Planned,services/backend/src/meal/store.ts; services/backend/src/meal/contracts.ts,Not applicable,NO_DEDICATED_DOMAIN_IMPLEMENTATION_EVIDENCED,LEGACY_PATHS_PRESENT,services/backend/src/meal/store.ts; services/backend/src/meal/contracts.ts,,WAITING_ZIP,OPTIONAL_WAITING,WAITING_ZIP,UNDECIDED,,SRC-001 status is structural path evidence only; semantic correctness is not yet judged.
34,Canonical Meal Confirmation Algorithm,PortionWise,Implemented,Planned,services/backend/src/meal/store.ts; services/backend/src/meal/confirmed-meals.ts; services/backend/src/meal/confirmed-meal-projection.ts,Not applicable,NO_DEDICATED_DOMAIN_IMPLEMENTATION_EVIDENCED,LEGACY_PATHS_PRESENT,services/backend/src/meal/store.ts; services/backend/src/meal/confirmed-meals.ts; services/backend/src/meal/confirmed-meal-projection.ts,,WAITING_ZIP,OPTIONAL_WAITING,WAITING_ZIP,UNDECIDED,,SRC-001 status is structural path evidence only; semantic correctness is not yet judged.
35,Daily Nutrition Aggregator,PortionWise,Implemented,Planned,services/backend/src/meal/confirmed-meal-projection.ts; services/backend/src/meal/nutrition.ts,Not applicable,NO_DEDICATED_DOMAIN_IMPLEMENTATION_EVIDENCED,LEGACY_PATHS_PRESENT,services/backend/src/meal/confirmed-meal-projection.ts; services/backend/src/meal/nutrition.ts,,WAITING_ZIP,OPTIONAL_WAITING,WAITING_ZIP,UNDECIDED,,SRC-001 status is structural path evidence only; semantic correctness is not yet judged.
36,Confirmed Serving-Prior Learner,PortionWise,Implemented,Planned,services/backend/src/nutrition/personalization/personalServingPrior.ts; services/backend/src/nutrition/personalization/servingPriorStore.ts; services/backend/src/nutrition/portion/portionEstimator.ts,Needs validation,NO_DEDICATED_DOMAIN_IMPLEMENTATION_EVIDENCED,LEGACY_PATHS_PRESENT,services/backend/src/nutrition/personalization/personalServingPrior.ts; services/backend/src/nutrition/personalization/servingPriorStore.ts; services/backend/src/nutrition/portion/portionEstimator.ts,,WAITING_ZIP,OPTIONAL_WAITING,WAITING_ZIP,UNDECIDED,,SRC-001 status is structural path evidence only; semantic correctness is not yet judged.
37,Barcode Normalizer,Barcode + Dietary,Implemented,Planned,services/backend/src/nutrition/packaged/barcode.ts; services/backend/src/nutrition/packaged/openFoodFactsClient.ts,Not applicable,NO_DEDICATED_DOMAIN_IMPLEMENTATION_EVIDENCED,LEGACY_PATHS_PRESENT,services/backend/src/nutrition/packaged/barcode.ts; services/backend/src/nutrition/packaged/openFoodFactsClient.ts,,WAITING_ZIP,OPTIONAL_WAITING,WAITING_ZIP,UNDECIDED,,SRC-001 status is structural path evidence only; semantic correctness is not yet judged.
38,Catalog Product Matcher,Barcode + Dietary,Implemented,Planned,services/backend/src/nutrition/packaged/openFoodFactsClient.ts; services/backend/src/nutrition/packaged/packagedFoodService.ts,Needs validation,NO_DEDICATED_DOMAIN_IMPLEMENTATION_EVIDENCED,LEGACY_PATHS_PRESENT,services/backend/src/nutrition/packaged/openFoodFactsClient.ts; services/backend/src/nutrition/packaged/packagedFoodService.ts,,WAITING_ZIP,OPTIONAL_WAITING,WAITING_ZIP,UNDECIDED,,SRC-001 status is structural path evidence only; semantic correctness is not yet judged.
39,Catalog Freshness / Conflict Resolver,Barcode + Dietary,Partial,Planned,services/backend/src/nutrition/packaged/cachePolicy.ts; services/backend/src/nutrition/packaged/openFoodFactsClient.ts; services/backend/src/nutrition/packaged/packagedFoodService.ts,Not applicable,NO_DEDICATED_DOMAIN_IMPLEMENTATION_EVIDENCED,LEGACY_PATHS_PRESENT,services/backend/src/nutrition/packaged/cachePolicy.ts; services/backend/src/nutrition/packaged/openFoodFactsClient.ts; services/backend/src/nutrition/packaged/packagedFoodService.ts,,WAITING_ZIP,OPTIONAL_WAITING,WAITING_ZIP,UNDECIDED,,SRC-001 status is structural path evidence only; semantic correctness is not yet judged.
40,Serving Quantity Scaler,Barcode + Dietary,Implemented,Planned,services/backend/src/nutrition/packaged/packagedFoodService.ts; services/backend/src/nutrition/portion/portionEstimator.ts,Needs validation,NO_DEDICATED_DOMAIN_IMPLEMENTATION_EVIDENCED,LEGACY_PATHS_PRESENT,services/backend/src/nutrition/packaged/packagedFoodService.ts; services/backend/src/nutrition/portion/portionEstimator.ts,,WAITING_ZIP,OPTIONAL_WAITING,WAITING_ZIP,UNDECIDED,,SRC-001 status is structural path evidence only; semantic correctness is not yet judged.
41,Dietary Compatibility Guard,Barcode + Dietary,Partial,Planned,services/backend/src/diet-intelligence/profile-policy.ts; services/backend/src/diet-intelligence/recommendation-engine.ts; services/backend/src/nutrition/packaged/openFoodFactsClient.ts,Not applicable,NO_DEDICATED_DOMAIN_IMPLEMENTATION_EVIDENCED,LEGACY_PATHS_PRESENT,services/backend/src/diet-intelligence/profile-policy.ts; services/backend/src/diet-intelligence/recommendation-engine.ts; services/backend/src/nutrition/packaged/openFoodFactsClient.ts,,WAITING_ZIP,OPTIONAL_WAITING,WAITING_ZIP,UNDECIDED,,SRC-001 status is structural path evidence only; semantic correctness is not yet judged.
42,Allergy Caution / Escalation Gate,Barcode + Dietary,Partial,Planned,services/backend/src/diet-intelligence/profile-policy.ts; services/backend/src/diet-intelligence/recommendation-engine.ts; services/backend/src/nutrition/packaged/openFoodFactsClient.ts,Not applicable,NO_DEDICATED_DOMAIN_IMPLEMENTATION_EVIDENCED,LEGACY_PATHS_PRESENT,services/backend/src/diet-intelligence/profile-policy.ts; services/backend/src/diet-intelligence/recommendation-engine.ts; services/backend/src/nutrition/packaged/openFoodFactsClient.ts,,WAITING_ZIP,OPTIONAL_WAITING,WAITING_ZIP,UNDECIDED,,SRC-001 status is structural path evidence only; semantic correctness is not yet judged.
43,Barcode Fallback Router,Barcode + Dietary,Implemented,Planned,services/backend/src/nutrition/packaged/fallback.ts; services/backend/src/nutrition/packaged/openFoodFactsClient.ts; services/backend/src/nutrition/packaged/packagedFoodService.ts,Not applicable,NO_DEDICATED_DOMAIN_IMPLEMENTATION_EVIDENCED,LEGACY_PATHS_PRESENT,services/backend/src/nutrition/packaged/fallback.ts; services/backend/src/nutrition/packaged/openFoodFactsClient.ts; services/backend/src/nutrition/packaged/packagedFoodService.ts,,WAITING_ZIP,OPTIONAL_WAITING,WAITING_ZIP,UNDECIDED,,SRC-001 status is structural path evidence only; semantic correctness is not yet judged.
44,Catalog Source Attribution Resolver,Barcode + Dietary,Implemented,Planned,services/backend/src/nutrition/packaged/openFoodFactsClient.ts; services/backend/src/nutrition/packaged/packagedFoodService.ts,Not applicable,NO_DEDICATED_DOMAIN_IMPLEMENTATION_EVIDENCED,LEGACY_PATHS_PRESENT,services/backend/src/nutrition/packaged/openFoodFactsClient.ts; services/backend/src/nutrition/packaged/packagedFoodService.ts,,WAITING_ZIP,OPTIONAL_WAITING,WAITING_ZIP,UNDECIDED,,SRC-001 status is structural path evidence only; semantic correctness is not yet judged.
45,Food Search Ranking Algorithm,Search + Recipe + Meal Planning,Partial,Planned,services/backend/src/meal/nutrition-catalog.ts; services/backend/src/meal/saved-meals.ts; services/backend/src/meal/personal-food.ts,Not applicable,NO_DEDICATED_DOMAIN_IMPLEMENTATION_EVIDENCED,LEGACY_PATHS_PRESENT,services/backend/src/meal/nutrition-catalog.ts; services/backend/src/meal/saved-meals.ts; services/backend/src/meal/personal-food.ts,,WAITING_ZIP,OPTIONAL_WAITING,WAITING_ZIP,UNDECIDED,,SRC-001 status is structural path evidence only; semantic correctness is not yet judged.
46,Recent / Frequent / Favorite Ranker,Search + Recipe + Meal Planning,Partial,Planned,services/backend/src/meal/saved-meals.ts; services/backend/src/meal/personal-food.ts; services/backend/src/nutrition/personalization/servingPriorStore.ts,Not applicable,NO_DEDICATED_DOMAIN_IMPLEMENTATION_EVIDENCED,LEGACY_PATHS_PRESENT,services/backend/src/meal/saved-meals.ts; services/backend/src/meal/personal-food.ts; services/backend/src/nutrition/personalization/servingPriorStore.ts,,WAITING_ZIP,OPTIONAL_WAITING,WAITING_ZIP,UNDECIDED,,SRC-001 status is structural path evidence only; semantic correctness is not yet judged.
47,Default Serving Predictor,Search + Recipe + Meal Planning,Partial,Planned,services/backend/src/nutrition/personalization/personalServingPrior.ts; services/backend/src/nutrition/personalization/servingPriorStore.ts; services/backend/src/nutrition/portion/portionEstimator.ts,Needs validation,NO_DEDICATED_DOMAIN_IMPLEMENTATION_EVIDENCED,LEGACY_PATHS_PRESENT,services/backend/src/nutrition/personalization/personalServingPrior.ts; services/backend/src/nutrition/personalization/servingPriorStore.ts; services/backend/src/nutrition/portion/portionEstimator.ts,,WAITING_ZIP,OPTIONAL_WAITING,WAITING_ZIP,UNDECIDED,,SRC-001 status is structural path evidence only; semantic correctness is not yet judged.
48,Recipe Ingredient Parser,Search + Recipe + Meal Planning,Planned only,Planned,ReviewedRecipeCalculator accepts already-structured ingredients; no free-text/web recipe ingredient parser was evidenced in inspected current branch.,Needs validation,NO_DEDICATED_DOMAIN_IMPLEMENTATION_EVIDENCED,NO_LEGACY_PATH_HINT,,,WAITING_ZIP,OPTIONAL_WAITING,WAITING_ZIP,UNDECIDED,,SRC-001 status is structural path evidence only; semantic correctness is not yet judged.
49,Recipe Ingredient Resolver,Search + Recipe + Meal Planning,Partial,Planned,services/backend/src/nutrition/identity/foodResolver.ts; services/backend/src/nutrition/identity/knowledgeNutritionResolver.ts; services/backend/src/nutrition/identity/reviewedRecipeCalculator.ts,Needs validation,NO_DEDICATED_DOMAIN_IMPLEMENTATION_EVIDENCED,LEGACY_PATHS_PRESENT,services/backend/src/nutrition/identity/foodResolver.ts; services/backend/src/nutrition/identity/knowledgeNutritionResolver.ts; services/backend/src/nutrition/identity/reviewedRecipeCalculator.ts,,WAITING_ZIP,OPTIONAL_WAITING,WAITING_ZIP,UNDECIDED,,SRC-001 status is structural path evidence only; semantic correctness is not yet judged.
50,Recipe Nutrient Calculator,Search + Recipe + Meal Planning,Implemented,Planned,services/backend/src/nutrition/identity/reviewedRecipeCalculator.ts; services/backend/src/nutrition/nutrients/nutrientCalculator.ts,Needs validation,NO_DEDICATED_DOMAIN_IMPLEMENTATION_EVIDENCED,LEGACY_PATHS_PRESENT,services/backend/src/nutrition/identity/reviewedRecipeCalculator.ts; services/backend/src/nutrition/nutrients/nutrientCalculator.ts,,WAITING_ZIP,OPTIONAL_WAITING,WAITING_ZIP,UNDECIDED,,SRC-001 status is structural path evidence only; semantic correctness is not yet judged.
51,Recipe Serving Scaler,Search + Recipe + Meal Planning,Implemented,Planned,services/backend/src/nutrition/identity/reviewedRecipeCalculator.ts,Needs validation,NO_DEDICATED_DOMAIN_IMPLEMENTATION_EVIDENCED,LEGACY_PATHS_PRESENT,services/backend/src/nutrition/identity/reviewedRecipeCalculator.ts,,WAITING_ZIP,OPTIONAL_WAITING,WAITING_ZIP,UNDECIDED,,SRC-001 status is structural path evidence only; semantic correctness is not yet judged.
52,Web / Video Recipe Extraction Resolver,Search + Recipe + Meal Planning,Planned only,Planned,No current-branch web/video recipe extraction resolver evidenced in inspected production nutrition/meal code.,Needs validation,NO_DEDICATED_DOMAIN_IMPLEMENTATION_EVIDENCED,NO_LEGACY_PATH_HINT,,,WAITING_ZIP,OPTIONAL_WAITING,WAITING_ZIP,UNDECIDED,,SRC-001 status is structural path evidence only; semantic correctness is not yet judged.
53,Meal Plan Generator,Search + Recipe + Meal Planning,Planned only,Planned,services/backend/src/diet-intelligence/diet-plan-service.ts is advisory only; no prescriptive multi-meal plan generator evidenced.,Needs validation,NO_DEDICATED_DOMAIN_IMPLEMENTATION_EVIDENCED,LEGACY_PATHS_NOT_FOUND,,services/backend/src/diet-intelligence/diet-plan-service.ts is advisory only,WAITING_ZIP,OPTIONAL_WAITING,WAITING_ZIP,UNDECIDED,,SRC-001 status is structural path evidence only; semantic correctness is not yet judged.
54,Budget-Aware Meal Planner,Search + Recipe + Meal Planning,Planned only,Planned,"Nutrition profile stores budgetBand/pantry context, but no budget-aware meal-plan optimizer was evidenced.",Not applicable,NO_DEDICATED_DOMAIN_IMPLEMENTATION_EVIDENCED,NO_LEGACY_PATH_HINT,,,WAITING_ZIP,OPTIONAL_WAITING,WAITING_ZIP,UNDECIDED,,SRC-001 status is structural path evidence only; semantic correctness is not yet judged.
55,Country / Region / Cuisine Matcher,Search + Recipe + Meal Planning,Partial,Planned,services/backend/src/diet-intelligence/profile-policy.ts; services/backend/src/nutrition/identity/regionalIdentity.ts; services/backend/src/nutrition/identity/reviewedRecipeCalculator.ts,Needs validation,NO_DEDICATED_DOMAIN_IMPLEMENTATION_EVIDENCED,LEGACY_PATHS_PRESENT,services/backend/src/diet-intelligence/profile-policy.ts; services/backend/src/nutrition/identity/regionalIdentity.ts; services/backend/src/nutrition/identity/reviewedRecipeCalculator.ts,,WAITING_ZIP,OPTIONAL_WAITING,WAITING_ZIP,UNDECIDED,,SRC-001 status is structural path evidence only; semantic correctness is not yet judged.
56,Grocery List Aggregator,Search + Recipe + Meal Planning,Planned only,Planned,No grocery-list aggregation subsystem evidenced in inspected current branch.,Not applicable,NO_DEDICATED_DOMAIN_IMPLEMENTATION_EVIDENCED,NO_LEGACY_PATH_HINT,,,WAITING_ZIP,OPTIONAL_WAITING,WAITING_ZIP,UNDECIDED,,SRC-001 status is structural path evidence only; semantic correctness is not yet judged.
57,Meal Timing Planner,Search + Recipe + Meal Planning,Planned only,Planned,"services/backend/src/diet-intelligence/profile-policy.ts models mealTimingPreferenceCodes, but no dedicated meal timing planner/placement engine was evidenced.",Needs validation,NO_DEDICATED_DOMAIN_IMPLEMENTATION_EVIDENCED,LEGACY_PATHS_NOT_FOUND,,"services/backend/src/diet-intelligence/profile-policy.ts models mealTimingPreferenceCodes, but no dedicated meal timing planner/placement engine was evidenced.",WAITING_ZIP,OPTIONAL_WAITING,WAITING_ZIP,UNDECIDED,,SRC-001 status is structural path evidence only; semantic correctness is not yet judged.
58,Adult Fasting Eligibility & Session-State Algorithm,Search + Recipe + Meal Planning,Planned only,Planned,services/backend/src/foundation/target-eligibility-policy.ts contains age/restrictive-goal policy gates; no fasting-session lifecycle/state engine was evidenced in current branch.,Needs validation,NO_DEDICATED_DOMAIN_IMPLEMENTATION_EVIDENCED,LEGACY_PATHS_NOT_FOUND,,services/backend/src/foundation/target-eligibility-policy.ts contains age/restrictive-goal policy gates,WAITING_ZIP,OPTIONAL_WAITING,WAITING_ZIP,UNDECIDED,,SRC-001 status is structural path evidence only; semantic correctness is not yet judged.
59,Training Goal Classifier,Training Core,Partial,Planned,algorithms/training/src/profile.ts; algorithms/training/src/program-engine.ts; algorithms/training/src/training-engine.ts,Needs validation,NO_DEDICATED_DOMAIN_IMPLEMENTATION_EVIDENCED,LEGACY_PATHS_PRESENT,algorithms/training/src/profile.ts; algorithms/training/src/program-engine.ts; algorithms/training/src/training-engine.ts,,WAITING_ZIP,OPTIONAL_WAITING,WAITING_ZIP,UNDECIDED,,SRC-001 status is structural path evidence only; semantic correctness is not yet judged.
60,Sport / Modality Router,Training Core,Partial,Planned,algorithms/training/src/program-engine.ts; algorithms/training/src/training-engine.ts,Needs validation,NO_DEDICATED_DOMAIN_IMPLEMENTATION_EVIDENCED,LEGACY_PATHS_PRESENT,algorithms/training/src/program-engine.ts; algorithms/training/src/training-engine.ts,,WAITING_ZIP,OPTIONAL_WAITING,WAITING_ZIP,UNDECIDED,,SRC-001 status is structural path evidence only; semantic correctness is not yet judged.
61,Exercise Safety & Eligibility Filter,Training Core,Implemented,Planned,algorithms/training/src/policy.ts; algorithms/training/src/readiness.ts,Needs validation,NO_DEDICATED_DOMAIN_IMPLEMENTATION_EVIDENCED,LEGACY_PATHS_PRESENT,algorithms/training/src/policy.ts; algorithms/training/src/readiness.ts,,WAITING_ZIP,OPTIONAL_WAITING,WAITING_ZIP,UNDECIDED,,SRC-001 status is structural path evidence only; semantic correctness is not yet judged.
62,Exercise Selection / Ranking Algorithm,Training Core,Implemented,Planned,algorithms/training/src/scoring.ts; algorithms/training/src/policy.ts; algorithms/training/src/training-engine.ts,Needs validation,NO_DEDICATED_DOMAIN_IMPLEMENTATION_EVIDENCED,LEGACY_PATHS_PRESENT,algorithms/training/src/scoring.ts; algorithms/training/src/policy.ts; algorithms/training/src/training-engine.ts,,WAITING_ZIP,OPTIONAL_WAITING,WAITING_ZIP,UNDECIDED,,SRC-001 status is structural path evidence only; semantic correctness is not yet judged.
63,Equipment Compatibility Filter,Training Core,Implemented,Planned,algorithms/training/src/policy.ts; algorithms/training/src/profile.ts,Not applicable,NO_DEDICATED_DOMAIN_IMPLEMENTATION_EVIDENCED,LEGACY_PATHS_PRESENT,algorithms/training/src/policy.ts; algorithms/training/src/profile.ts,,WAITING_ZIP,OPTIONAL_WAITING,WAITING_ZIP,UNDECIDED,,SRC-001 status is structural path evidence only; semantic correctness is not yet judged.
64,Exercise Substitution Algorithm,Training Core,Partial,Planned,algorithms/training/src/session-generator.ts; algorithms/training/src/catalog.ts,Needs validation,NO_DEDICATED_DOMAIN_IMPLEMENTATION_EVIDENCED,LEGACY_PATHS_PRESENT,algorithms/training/src/session-generator.ts; algorithms/training/src/catalog.ts,,WAITING_ZIP,OPTIONAL_WAITING,WAITING_ZIP,UNDECIDED,,SRC-001 status is structural path evidence only; semantic correctness is not yet judged.
65,Time-Aware Session Sizer,Training Core,Implemented,Planned,algorithms/training/src/session-requirement.ts; algorithms/training/src/session-generator.ts,Needs validation,NO_DEDICATED_DOMAIN_IMPLEMENTATION_EVIDENCED,LEGACY_PATHS_PRESENT,algorithms/training/src/session-requirement.ts; algorithms/training/src/session-generator.ts,,WAITING_ZIP,OPTIONAL_WAITING,WAITING_ZIP,UNDECIDED,,SRC-001 status is structural path evidence only; semantic correctness is not yet judged.
66,Workout Session Generator,Training Core,Implemented,Planned,algorithms/training/src/session-generator.ts; algorithms/training/src/session-requirement.ts; algorithms/training/src/training-engine.ts,Needs validation,NO_DEDICATED_DOMAIN_IMPLEMENTATION_EVIDENCED,LEGACY_PATHS_PRESENT,algorithms/training/src/session-generator.ts; algorithms/training/src/session-requirement.ts; algorithms/training/src/training-engine.ts,,WAITING_ZIP,OPTIONAL_WAITING,WAITING_ZIP,UNDECIDED,,SRC-001 status is structural path evidence only; semantic correctness is not yet judged.
67,Training Program Generator,Training Core,Implemented,Planned,algorithms/training/src/training-engine.ts; algorithms/training/src/program-engine.ts; algorithms/training/src/program-state.ts,Needs validation,NO_DEDICATED_DOMAIN_IMPLEMENTATION_EVIDENCED,LEGACY_PATHS_PRESENT,algorithms/training/src/training-engine.ts; algorithms/training/src/program-engine.ts; algorithms/training/src/program-state.ts,,WAITING_ZIP,OPTIONAL_WAITING,WAITING_ZIP,UNDECIDED,,SRC-001 status is structural path evidence only; semantic correctness is not yet judged.
68,Readiness State Engine,Training Core,Implemented,Planned,algorithms/training/src/readiness.ts; algorithms/training/src/training-engine.ts,Needs validation,NO_DEDICATED_DOMAIN_IMPLEMENTATION_EVIDENCED,LEGACY_PATHS_PRESENT,algorithms/training/src/readiness.ts; algorithms/training/src/training-engine.ts,,WAITING_ZIP,OPTIONAL_WAITING,WAITING_ZIP,UNDECIDED,,SRC-001 status is structural path evidence only; semantic correctness is not yet judged.
69,Muscle Recovery / Fatigue Estimator,Training Core,Partial,Planned,algorithms/training/src/readiness.ts; algorithms/training/src/program-state.ts,Needs validation,NO_DEDICATED_DOMAIN_IMPLEMENTATION_EVIDENCED,LEGACY_PATHS_PRESENT,algorithms/training/src/readiness.ts; algorithms/training/src/program-state.ts,,WAITING_ZIP,OPTIONAL_WAITING,WAITING_ZIP,UNDECIDED,,SRC-001 status is structural path evidence only; semantic correctness is not yet judged.
70,Training Workload Estimator,Training Core,Partial,Planned,algorithms/training/src/readiness.ts; algorithms/training/src/program-state.ts,Needs validation,NO_DEDICATED_DOMAIN_IMPLEMENTATION_EVIDENCED,LEGACY_PATHS_PRESENT,algorithms/training/src/readiness.ts; algorithms/training/src/program-state.ts,,WAITING_ZIP,OPTIONAL_WAITING,WAITING_ZIP,UNDECIDED,,SRC-001 status is structural path evidence only; semantic correctness is not yet judged.
71,Progression Decision Engine,Training Core,Implemented,Planned,algorithms/training/src/progression.ts,Needs validation,NO_DEDICATED_DOMAIN_IMPLEMENTATION_EVIDENCED,LEGACY_PATHS_PRESENT,algorithms/training/src/progression.ts,,WAITING_ZIP,OPTIONAL_WAITING,WAITING_ZIP,UNDECIDED,,SRC-001 status is structural path evidence only; semantic correctness is not yet judged.
72,Load / Rep Recommendation Engine,Training Core,Partial,Planned,algorithms/training/src/progression.ts; algorithms/training/src/session-generator.ts,Needs validation,NO_DEDICATED_DOMAIN_IMPLEMENTATION_EVIDENCED,LEGACY_PATHS_PRESENT,algorithms/training/src/progression.ts; algorithms/training/src/session-generator.ts,,WAITING_ZIP,OPTIONAL_WAITING,WAITING_ZIP,UNDECIDED,,SRC-001 status is structural path evidence only; semantic correctness is not yet judged.
73,Deload / Adaptation Engine,Training Core,Partial,Planned,algorithms/training/src/readiness.ts; algorithms/training/src/missed-workout.ts; algorithms/training/src/progression.ts; algorithms/training/src/calendar-adaptation.ts,Needs validation,NO_DEDICATED_DOMAIN_IMPLEMENTATION_EVIDENCED,LEGACY_PATHS_PRESENT,algorithms/training/src/readiness.ts; algorithms/training/src/missed-workout.ts; algorithms/training/src/progression.ts; algorithms/training/src/calendar-adaptation.ts,,WAITING_ZIP,OPTIONAL_WAITING,WAITING_ZIP,UNDECIDED,,SRC-001 status is structural path evidence only; semantic correctness is not yet judged.
74,Exercise Preference / Exclusion Ranker,Training Core,Implemented,Planned,algorithms/training/src/profile.ts; algorithms/training/src/policy.ts; algorithms/training/src/scoring.ts,Not applicable,NO_DEDICATED_DOMAIN_IMPLEMENTATION_EVIDENCED,LEGACY_PATHS_PRESENT,algorithms/training/src/profile.ts; algorithms/training/src/policy.ts; algorithms/training/src/scoring.ts,,WAITING_ZIP,OPTIONAL_WAITING,WAITING_ZIP,UNDECIDED,,SRC-001 status is structural path evidence only; semantic correctness is not yet judged.
75,Missed Workout Reconciler,Training Core,Implemented,Planned,algorithms/training/src/missed-workout.ts; algorithms/training/src/calendar-adaptation.ts,Needs validation,NO_DEDICATED_DOMAIN_IMPLEMENTATION_EVIDENCED,LEGACY_PATHS_PRESENT,algorithms/training/src/missed-workout.ts; algorithms/training/src/calendar-adaptation.ts,,WAITING_ZIP,OPTIONAL_WAITING,WAITING_ZIP,UNDECIDED,,SRC-001 status is structural path evidence only; semantic correctness is not yet judged.
76,Workout Performance Reconciler,Training Core,Implemented,Planned,services/backend/src/sync/canonical-workout-reconciler.ts; services/backend/src/sync/appwrite-workout-store.ts,Not applicable,NO_DEDICATED_DOMAIN_IMPLEMENTATION_EVIDENCED,LEGACY_PATHS_PRESENT,services/backend/src/sync/canonical-workout-reconciler.ts; services/backend/src/sync/appwrite-workout-store.ts,,WAITING_ZIP,OPTIONAL_WAITING,WAITING_ZIP,UNDECIDED,,SRC-001 status is structural path evidence only; semantic correctness is not yet judged.
77,Warm-Up Generator,Training Core,Planned only,Planned,No dedicated warm-up generator evidenced in inspected training core.,Needs validation,NO_DEDICATED_DOMAIN_IMPLEMENTATION_EVIDENCED,NO_LEGACY_PATH_HINT,,,WAITING_ZIP,OPTIONAL_WAITING,WAITING_ZIP,UNDECIDED,,SRC-001 status is structural path evidence only; semantic correctness is not yet judged.
78,Cool-Down Generator,Training Core,Planned only,Planned,No dedicated cool-down generator evidenced in inspected training core.,Needs validation,NO_DEDICATED_DOMAIN_IMPLEMENTATION_EVIDENCED,NO_LEGACY_PATH_HINT,,,WAITING_ZIP,OPTIONAL_WAITING,WAITING_ZIP,UNDECIDED,,SRC-001 status is structural path evidence only; semantic correctness is not yet judged.
79,Strength Training Planner,Sports,Partial,Planned,algorithms/training/src/program-engine.ts; algorithms/training/src/session-generator.ts; algorithms/training/src/progression.ts,Needs validation,NO_DEDICATED_DOMAIN_IMPLEMENTATION_EVIDENCED,LEGACY_PATHS_PRESENT,algorithms/training/src/program-engine.ts; algorithms/training/src/session-generator.ts; algorithms/training/src/progression.ts,,WAITING_ZIP,OPTIONAL_WAITING,WAITING_ZIP,UNDECIDED,,SRC-001 status is structural path evidence only; semantic correctness is not yet judged.
80,Hypertrophy / Muscle-Emphasis Planner,Sports,Partial,Planned,algorithms/training/src/program-engine.ts; algorithms/training/src/scoring.ts; algorithms/training/src/session-generator.ts,Needs validation,NO_DEDICATED_DOMAIN_IMPLEMENTATION_EVIDENCED,LEGACY_PATHS_PRESENT,algorithms/training/src/program-engine.ts; algorithms/training/src/scoring.ts; algorithms/training/src/session-generator.ts,,WAITING_ZIP,OPTIONAL_WAITING,WAITING_ZIP,UNDECIDED,,SRC-001 status is structural path evidence only; semantic correctness is not yet judged.
81,Running / Endurance Planner,Sports,Partial,Planned,algorithms/training/src/program-engine.ts; algorithms/training/src/session-requirement.ts; algorithms/training/src/session-generator.ts,Needs validation,NO_DEDICATED_DOMAIN_IMPLEMENTATION_EVIDENCED,LEGACY_PATHS_PRESENT,algorithms/training/src/program-engine.ts; algorithms/training/src/session-requirement.ts; algorithms/training/src/session-generator.ts,,WAITING_ZIP,OPTIONAL_WAITING,WAITING_ZIP,UNDECIDED,,SRC-001 status is structural path evidence only; semantic correctness is not yet judged.
82,Swimming Planner,Sports,Planned only,Planned,No dedicated swimming planner evidenced in inspected current branch.,Needs validation,NO_DEDICATED_DOMAIN_IMPLEMENTATION_EVIDENCED,NO_LEGACY_PATH_HINT,,,WAITING_ZIP,OPTIONAL_WAITING,WAITING_ZIP,UNDECIDED,,SRC-001 status is structural path evidence only; semantic correctness is not yet judged.
83,Football / Soccer Performance Planner,Sports,Planned only,Planned,No dedicated football/soccer performance planner evidenced in inspected current branch.,Needs validation,NO_DEDICATED_DOMAIN_IMPLEMENTATION_EVIDENCED,NO_LEGACY_PATH_HINT,,,WAITING_ZIP,OPTIONAL_WAITING,WAITING_ZIP,UNDECIDED,,SRC-001 status is structural path evidence only; semantic correctness is not yet judged.
84,Yoga Planner,Sports,Planned only,Planned,No dedicated yoga planner evidenced in inspected current branch.,Needs validation,NO_DEDICATED_DOMAIN_IMPLEMENTATION_EVIDENCED,NO_LEGACY_PATH_HINT,,,WAITING_ZIP,OPTIONAL_WAITING,WAITING_ZIP,UNDECIDED,,SRC-001 status is structural path evidence only; semantic correctness is not yet judged.
85,Mobility Planner,Sports,Planned only,Planned,No dedicated mobility planner evidenced in inspected current branch.,Needs validation,NO_DEDICATED_DOMAIN_IMPLEMENTATION_EVIDENCED,NO_LEGACY_PATH_HINT,,,WAITING_ZIP,OPTIONAL_WAITING,WAITING_ZIP,UNDECIDED,,SRC-001 status is structural path evidence only; semantic correctness is not yet judged.
86,General Cardio Planner,Sports,Partial,Planned,algorithms/training/src/program-engine.ts; algorithms/training/src/session-requirement.ts; algorithms/training/src/session-generator.ts,Needs validation,NO_DEDICATED_DOMAIN_IMPLEMENTATION_EVIDENCED,LEGACY_PATHS_PRESENT,algorithms/training/src/program-engine.ts; algorithms/training/src/session-requirement.ts; algorithms/training/src/session-generator.ts,,WAITING_ZIP,OPTIONAL_WAITING,WAITING_ZIP,UNDECIDED,,SRC-001 status is structural path evidence only; semantic correctness is not yet judged.
87,Competition Taper / Peaking Planner,Sports,Planned only,Planned,No dedicated competition taper/peaking planner evidenced in inspected current branch.,Needs validation,NO_DEDICATED_DOMAIN_IMPLEMENTATION_EVIDENCED,NO_LEGACY_PATH_HINT,,,WAITING_ZIP,OPTIONAL_WAITING,WAITING_ZIP,UNDECIDED,,SRC-001 status is structural path evidence only; semantic correctness is not yet judged.
88,Cross-Training Interference Manager,Sports,Planned only,Planned,No dedicated cross-training interference manager evidenced in inspected current branch.,Needs validation,NO_DEDICATED_DOMAIN_IMPLEMENTATION_EVIDENCED,NO_LEGACY_PATH_HINT,,,WAITING_ZIP,OPTIONAL_WAITING,WAITING_ZIP,UNDECIDED,,SRC-001 status is structural path evidence only; semantic correctness is not yet judged.
89,Availability Normalizer,Calendar + Today,,Planned,,,NO_DEDICATED_DOMAIN_IMPLEMENTATION_EVIDENCED,NO_LEGACY_PATH_HINT,,,WAITING_ZIP,OPTIONAL_WAITING,WAITING_ZIP,UNDECIDED,,SRC-001 status is structural path evidence only; semantic correctness is not yet judged.
90,Calendar Constraint Solver,Calendar + Today,,Planned,,,NO_DEDICATED_DOMAIN_IMPLEMENTATION_EVIDENCED,NO_LEGACY_PATH_HINT,,,WAITING_ZIP,OPTIONAL_WAITING,WAITING_ZIP,UNDECIDED,,SRC-001 status is structural path evidence only; semantic correctness is not yet judged.
91,Workout Placement Optimizer,Calendar + Today,,Planned,,,NO_DEDICATED_DOMAIN_IMPLEMENTATION_EVIDENCED,NO_LEGACY_PATH_HINT,,,WAITING_ZIP,OPTIONAL_WAITING,WAITING_ZIP,UNDECIDED,,SRC-001 status is structural path evidence only; semantic correctness is not yet judged.
92,Recovery Spacing Optimizer,Calendar + Today,,Planned,,,NO_DEDICATED_DOMAIN_IMPLEMENTATION_EVIDENCED,NO_LEGACY_PATH_HINT,,,WAITING_ZIP,OPTIONAL_WAITING,WAITING_ZIP,UNDECIDED,,SRC-001 status is structural path evidence only; semantic correctness is not yet judged.
93,Meal Timing Placement Optimizer,Calendar + Today,,Planned,,,NO_DEDICATED_DOMAIN_IMPLEMENTATION_EVIDENCED,NO_LEGACY_PATH_HINT,,,WAITING_ZIP,OPTIONAL_WAITING,WAITING_ZIP,UNDECIDED,,SRC-001 status is structural path evidence only; semantic correctness is not yet judged.
94,Calendar Conflict Resolver,Calendar + Today,,Planned,,,NO_DEDICATED_DOMAIN_IMPLEMENTATION_EVIDENCED,NO_LEGACY_PATH_HINT,,,WAITING_ZIP,OPTIONAL_WAITING,WAITING_ZIP,UNDECIDED,,SRC-001 status is structural path evidence only; semantic correctness is not yet judged.
95,Calendar Stale-Revision Reconciler,Calendar + Today,,Planned,,,NO_DEDICATED_DOMAIN_IMPLEMENTATION_EVIDENCED,NO_LEGACY_PATH_HINT,,,WAITING_ZIP,OPTIONAL_WAITING,WAITING_ZIP,UNDECIDED,,SRC-001 status is structural path evidence only; semantic correctness is not yet judged.
96,Today Candidate Validator,Calendar + Today,,Planned,,,NO_DEDICATED_DOMAIN_IMPLEMENTATION_EVIDENCED,NO_LEGACY_PATH_HINT,,,WAITING_ZIP,OPTIONAL_WAITING,WAITING_ZIP,UNDECIDED,,SRC-001 status is structural path evidence only; semantic correctness is not yet judged.
97,Today Next-Best-Action Ranker,Calendar + Today,,Planned,,,NO_DEDICATED_DOMAIN_IMPLEMENTATION_EVIDENCED,NO_LEGACY_PATH_HINT,,,WAITING_ZIP,OPTIONAL_WAITING,WAITING_ZIP,UNDECIDED,,SRC-001 status is structural path evidence only; semantic correctness is not yet judged.
98,Today Stale / Unknown Suppression Algorithm,Calendar + Today,,Planned,,,NO_DEDICATED_DOMAIN_IMPLEMENTATION_EVIDENCED,NO_LEGACY_PATH_HINT,,,WAITING_ZIP,OPTIONAL_WAITING,WAITING_ZIP,UNDECIDED,,SRC-001 status is structural path evidence only; semantic correctness is not yet judged.
99,Goal-Aware Progress Mode Selector,Progress + Behavior,,Planned,,,NO_DEDICATED_DOMAIN_IMPLEMENTATION_EVIDENCED,NO_LEGACY_PATH_HINT,,,WAITING_ZIP,OPTIONAL_WAITING,WAITING_ZIP,UNDECIDED,,SRC-001 status is structural path evidence only; semantic correctness is not yet judged.
100,Strength Progress Calculator,Progress + Behavior,,Planned,,,NO_DEDICATED_DOMAIN_IMPLEMENTATION_EVIDENCED,NO_LEGACY_PATH_HINT,,,WAITING_ZIP,OPTIONAL_WAITING,WAITING_ZIP,UNDECIDED,,SRC-001 status is structural path evidence only; semantic correctness is not yet judged.
101,Swimming Progress Calculator,Progress + Behavior,,Planned,,,NO_DEDICATED_DOMAIN_IMPLEMENTATION_EVIDENCED,NO_LEGACY_PATH_HINT,,,WAITING_ZIP,OPTIONAL_WAITING,WAITING_ZIP,UNDECIDED,,SRC-001 status is structural path evidence only; semantic correctness is not yet judged.
102,Running / Endurance Progress Calculator,Progress + Behavior,,Planned,,,NO_DEDICATED_DOMAIN_IMPLEMENTATION_EVIDENCED,NO_LEGACY_PATH_HINT,,,WAITING_ZIP,OPTIONAL_WAITING,WAITING_ZIP,UNDECIDED,,SRC-001 status is structural path evidence only; semantic correctness is not yet judged.
103,Yoga / Mobility Progress Calculator,Progress + Behavior,,Planned,,,NO_DEDICATED_DOMAIN_IMPLEMENTATION_EVIDENCED,NO_LEGACY_PATH_HINT,,,WAITING_ZIP,OPTIONAL_WAITING,WAITING_ZIP,UNDECIDED,,SRC-001 status is structural path evidence only; semantic correctness is not yet judged.
104,Nutrition Adherence / Trend Calculator,Progress + Behavior,,Planned,,,NO_DEDICATED_DOMAIN_IMPLEMENTATION_EVIDENCED,NO_LEGACY_PATH_HINT,,,WAITING_ZIP,OPTIONAL_WAITING,WAITING_ZIP,UNDECIDED,,SRC-001 status is structural path evidence only; semantic correctness is not yet judged.
105,Recovery / Sleep Trend Calculator,Progress + Behavior,,Planned,,,NO_DEDICATED_DOMAIN_IMPLEMENTATION_EVIDENCED,NO_LEGACY_PATH_HINT,,,WAITING_ZIP,OPTIONAL_WAITING,WAITING_ZIP,UNDECIDED,,SRC-001 status is structural path evidence only; semantic correctness is not yet judged.
106,Weight Trend Smoother,Progress + Behavior,,Planned,,,NO_DEDICATED_DOMAIN_IMPLEMENTATION_EVIDENCED,NO_LEGACY_PATH_HINT,,,WAITING_ZIP,OPTIONAL_WAITING,WAITING_ZIP,UNDECIDED,,SRC-001 status is structural path evidence only; semantic correctness is not yet judged.
107,Measurement Trend Calculator,Progress + Behavior,,Planned,,,NO_DEDICATED_DOMAIN_IMPLEMENTATION_EVIDENCED,NO_LEGACY_PATH_HINT,,,WAITING_ZIP,OPTIONAL_WAITING,WAITING_ZIP,UNDECIDED,,SRC-001 status is structural path evidence only; semantic correctness is not yet judged.
108,Weekly Report Generator,Progress + Behavior,,Planned,,,NO_DEDICATED_DOMAIN_IMPLEMENTATION_EVIDENCED,NO_LEGACY_PATH_HINT,,,WAITING_ZIP,OPTIONAL_WAITING,WAITING_ZIP,UNDECIDED,,SRC-001 status is structural path evidence only; semantic correctness is not yet judged.
109,Monthly Report Generator,Progress + Behavior,,Planned,,,NO_DEDICATED_DOMAIN_IMPLEMENTATION_EVIDENCED,NO_LEGACY_PATH_HINT,,,WAITING_ZIP,OPTIONAL_WAITING,WAITING_ZIP,UNDECIDED,,SRC-001 status is structural path evidence only; semantic correctness is not yet judged.
110,Data Quality / Anomaly Detector,Progress + Behavior,,Planned,,,NO_DEDICATED_DOMAIN_IMPLEMENTATION_EVIDENCED,NO_LEGACY_PATH_HINT,,,WAITING_ZIP,OPTIONAL_WAITING,WAITING_ZIP,UNDECIDED,,SRC-001 status is structural path evidence only; semantic correctness is not yet judged.
111,Weekly Check-In Question Selector,Progress + Behavior,,Planned,,,NO_DEDICATED_DOMAIN_IMPLEMENTATION_EVIDENCED,NO_LEGACY_PATH_HINT,,,WAITING_ZIP,OPTIONAL_WAITING,WAITING_ZIP,UNDECIDED,,SRC-001 status is structural path evidence only; semantic correctness is not yet judged.
112,Logging Break Detector,Progress + Behavior,,Planned,,,NO_DEDICATED_DOMAIN_IMPLEMENTATION_EVIDENCED,NO_LEGACY_PATH_HINT,,,WAITING_ZIP,OPTIONAL_WAITING,WAITING_ZIP,UNDECIDED,,SRC-001 status is structural path evidence only; semantic correctness is not yet judged.
113,Missed Workout Reason Classifier,Progress + Behavior,,Planned,,,NO_DEDICATED_DOMAIN_IMPLEMENTATION_EVIDENCED,NO_LEGACY_PATH_HINT,,,WAITING_ZIP,OPTIONAL_WAITING,WAITING_ZIP,UNDECIDED,,SRC-001 status is structural path evidence only; semantic correctness is not yet judged.
114,Schedule Friction Detector,Progress + Behavior,,Planned,,,NO_DEDICATED_DOMAIN_IMPLEMENTATION_EVIDENCED,NO_LEGACY_PATH_HINT,,,WAITING_ZIP,OPTIONAL_WAITING,WAITING_ZIP,UNDECIDED,,SRC-001 status is structural path evidence only; semantic correctness is not yet judged.
115,Adherence Pattern Analyzer,Progress + Behavior,,Planned,,,NO_DEDICATED_DOMAIN_IMPLEMENTATION_EVIDENCED,NO_LEGACY_PATH_HINT,,,WAITING_ZIP,OPTIONAL_WAITING,WAITING_ZIP,UNDECIDED,,SRC-001 status is structural path evidence only; semantic correctness is not yet judged.
116,Watch Peer / Account Verification Algorithm,Watch + Sync,,Planned,,,NO_DEDICATED_DOMAIN_IMPLEMENTATION_EVIDENCED,NO_LEGACY_PATH_HINT,,,WAITING_ZIP,OPTIONAL_WAITING,WAITING_ZIP,UNDECIDED,,SRC-001 status is structural path evidence only; semantic correctness is not yet judged.
117,Canonical Workout Delivery Revision Selector,Watch + Sync,,Planned,,,NO_DEDICATED_DOMAIN_IMPLEMENTATION_EVIDENCED,NO_LEGACY_PATH_HINT,,,WAITING_ZIP,OPTIONAL_WAITING,WAITING_ZIP,UNDECIDED,,SRC-001 status is structural path evidence only; semantic correctness is not yet judged.
118,Offline Workout Journal Ordering Algorithm,Watch + Sync,,Planned,,,NO_DEDICATED_DOMAIN_IMPLEMENTATION_EVIDENCED,NO_LEGACY_PATH_HINT,,,WAITING_ZIP,OPTIONAL_WAITING,WAITING_ZIP,UNDECIDED,,SRC-001 status is structural path evidence only; semantic correctness is not yet judged.
119,Sync Idempotency / Deduplication Algorithm,Watch + Sync,,Planned,,,NO_DEDICATED_DOMAIN_IMPLEMENTATION_EVIDENCED,NO_LEGACY_PATH_HINT,,,WAITING_ZIP,OPTIONAL_WAITING,WAITING_ZIP,UNDECIDED,,SRC-001 status is structural path evidence only; semantic correctness is not yet judged.
120,Stale Event Rejection Algorithm,Watch + Sync,,Planned,,,NO_DEDICATED_DOMAIN_IMPLEMENTATION_EVIDENCED,NO_LEGACY_PATH_HINT,,,WAITING_ZIP,OPTIONAL_WAITING,WAITING_ZIP,UNDECIDED,,SRC-001 status is structural path evidence only; semantic correctness is not yet judged.
121,Device / User Ownership Gate,Watch + Sync,,Planned,,,NO_DEDICATED_DOMAIN_IMPLEMENTATION_EVIDENCED,NO_LEGACY_PATH_HINT,,,WAITING_ZIP,OPTIONAL_WAITING,WAITING_ZIP,UNDECIDED,,SRC-001 status is structural path evidence only; semantic correctness is not yet judged.
122,Canonical Sync Reconciler,Watch + Sync,,Planned,,,NO_DEDICATED_DOMAIN_IMPLEMENTATION_EVIDENCED,NO_LEGACY_PATH_HINT,,,WAITING_ZIP,OPTIONAL_WAITING,WAITING_ZIP,UNDECIDED,,SRC-001 status is structural path evidence only; semantic correctness is not yet judged.
123,Sync Receipt / ACK State Resolver,Watch + Sync,,Planned,,,NO_DEDICATED_DOMAIN_IMPLEMENTATION_EVIDENCED,NO_LEGACY_PATH_HINT,,,WAITING_ZIP,OPTIONAL_WAITING,WAITING_ZIP,UNDECIDED,,SRC-001 status is structural path evidence only; semantic correctness is not yet judged.
124,Health Data Normalizer,Watch + Sync,,Planned,,,NO_DEDICATED_DOMAIN_IMPLEMENTATION_EVIDENCED,NO_LEGACY_PATH_HINT,,,WAITING_ZIP,OPTIONAL_WAITING,WAITING_ZIP,UNDECIDED,,SRC-001 status is structural path evidence only; semantic correctness is not yet judged.
125,Health Source Dedupe / Priority Resolver,Watch + Sync,,Planned,,,NO_DEDICATED_DOMAIN_IMPLEMENTATION_EVIDENCED,NO_LEGACY_PATH_HINT,,,WAITING_ZIP,OPTIONAL_WAITING,WAITING_ZIP,UNDECIDED,,SRC-001 status is structural path evidence only; semantic correctness is not yet judged.
126,Steps / Activity Aggregator,Watch + Sync,,Planned,,,NO_DEDICATED_DOMAIN_IMPLEMENTATION_EVIDENCED,NO_LEGACY_PATH_HINT,,,WAITING_ZIP,OPTIONAL_WAITING,WAITING_ZIP,UNDECIDED,,SRC-001 status is structural path evidence only; semantic correctness is not yet judged.
127,Sleep Summary Extractor,Watch + Sync,,Planned,,,NO_DEDICATED_DOMAIN_IMPLEMENTATION_EVIDENCED,NO_LEGACY_PATH_HINT,,,WAITING_ZIP,OPTIONAL_WAITING,WAITING_ZIP,UNDECIDED,,SRC-001 status is structural path evidence only; semantic correctness is not yet judged.
128,Imported Workout Reconciler,Watch + Sync,,Planned,,,NO_DEDICATED_DOMAIN_IMPLEMENTATION_EVIDENCED,NO_LEGACY_PATH_HINT,,,WAITING_ZIP,OPTIONAL_WAITING,WAITING_ZIP,UNDECIDED,,SRC-001 status is structural path evidence only; semantic correctness is not yet judged.
129,Recovery Signal Extractor,Watch + Sync,,Planned,,,NO_DEDICATED_DOMAIN_IMPLEMENTATION_EVIDENCED,NO_LEGACY_PATH_HINT,,,WAITING_ZIP,OPTIONAL_WAITING,WAITING_ZIP,UNDECIDED,,SRC-001 status is structural path evidence only; semantic correctness is not yet judged.
130,Offline-to-Online State Merge Algorithm,Watch + Sync,,Planned,,,NO_DEDICATED_DOMAIN_IMPLEMENTATION_EVIDENCED,NO_LEGACY_PATH_HINT,,,WAITING_ZIP,OPTIONAL_WAITING,WAITING_ZIP,UNDECIDED,,SRC-001 status is structural path evidence only; semantic correctness is not yet judged.
131,AI Provider / Model Router,AI Orchestration,,Planned,,,NO_DEDICATED_DOMAIN_IMPLEMENTATION_EVIDENCED,NO_LEGACY_PATH_HINT,,,WAITING_ZIP,OPTIONAL_WAITING,WAITING_ZIP,UNDECIDED,,SRC-001 status is structural path evidence only; semantic correctness is not yet judged.
132,Structured Output Validator,AI Orchestration,,Planned,,,NO_DEDICATED_DOMAIN_IMPLEMENTATION_EVIDENCED,NO_LEGACY_PATH_HINT,,,WAITING_ZIP,OPTIONAL_WAITING,WAITING_ZIP,UNDECIDED,,SRC-001 status is structural path evidence only; semantic correctness is not yet judged.
133,Provider Fallback / Abstention Engine,AI Orchestration,,Planned,,,NO_DEDICATED_DOMAIN_IMPLEMENTATION_EVIDENCED,NO_LEGACY_PATH_HINT,,,WAITING_ZIP,OPTIONAL_WAITING,WAITING_ZIP,UNDECIDED,,SRC-001 status is structural path evidence only; semantic correctness is not yet judged.
134,Evidence Grounding Checker,AI Orchestration,,Planned,,,NO_DEDICATED_DOMAIN_IMPLEMENTATION_EVIDENCED,NO_LEGACY_PATH_HINT,,,WAITING_ZIP,OPTIONAL_WAITING,WAITING_ZIP,UNDECIDED,,SRC-001 status is structural path evidence only; semantic correctness is not yet judged.
135,AI Cost / Token Policy Router,AI Orchestration,,Planned,,,NO_DEDICATED_DOMAIN_IMPLEMENTATION_EVIDENCED,NO_LEGACY_PATH_HINT,,,WAITING_ZIP,OPTIONAL_WAITING,WAITING_ZIP,UNDECIDED,,SRC-001 status is structural path evidence only; semantic correctness is not yet judged.
136,Explanation / Reason-Code Generator,AI Orchestration,,Planned,,,NO_DEDICATED_DOMAIN_IMPLEMENTATION_EVIDENCED,NO_LEGACY_PATH_HINT,,,WAITING_ZIP,OPTIONAL_WAITING,WAITING_ZIP,UNDECIDED,,SRC-001 status is structural path evidence only; semantic correctness is not yet judged.
137,Expert Specialty Matcher,Future Expert Network,,Planned,,,NO_DEDICATED_DOMAIN_IMPLEMENTATION_EVIDENCED,NO_LEGACY_PATH_HINT,,,WAITING_ZIP,OPTIONAL_WAITING,WAITING_ZIP,UNDECIDED,,SRC-001 status is structural path evidence only; semantic correctness is not yet judged.
138,Expert Credential / Scope Validator,Future Expert Network,,Planned,,,NO_DEDICATED_DOMAIN_IMPLEMENTATION_EVIDENCED,NO_LEGACY_PATH_HINT,,,WAITING_ZIP,OPTIONAL_WAITING,WAITING_ZIP,UNDECIDED,,SRC-001 status is structural path evidence only; semantic correctness is not yet judged.
139,User Data Scope Resolver,Future Expert Network,,Planned,,,NO_DEDICATED_DOMAIN_IMPLEMENTATION_EVIDENCED,NO_LEGACY_PATH_HINT,,,WAITING_ZIP,OPTIONAL_WAITING,WAITING_ZIP,UNDECIDED,,SRC-001 status is structural path evidence only; semantic correctness is not yet judged.
140,Expert Report Generator,Future Expert Network,,Planned,,,NO_DEDICATED_DOMAIN_IMPLEMENTATION_EVIDENCED,NO_LEGACY_PATH_HINT,,,WAITING_ZIP,OPTIONAL_WAITING,WAITING_ZIP,UNDECIDED,,SRC-001 status is structural path evidence only; semantic correctness is not yet judged.
141,Expert Proposal Scope Validator,Future Expert Network,,Planned,,,NO_DEDICATED_DOMAIN_IMPLEMENTATION_EVIDENCED,NO_LEGACY_PATH_HINT,,,WAITING_ZIP,OPTIONAL_WAITING,WAITING_ZIP,UNDECIDED,,SRC-001 status is structural path evidence only; semantic correctness is not yet judged.
142,Proposal Conflict Detector,Future Expert Network,,Planned,,,NO_DEDICATED_DOMAIN_IMPLEMENTATION_EVIDENCED,NO_LEGACY_PATH_HINT,,,WAITING_ZIP,OPTIONAL_WAITING,WAITING_ZIP,UNDECIDED,,SRC-001 status is structural path evidence only; semantic correctness is not yet judged.
143,Multi-Expert Conflict Resolver,Future Expert Network,,Planned,,,NO_DEDICATED_DOMAIN_IMPLEMENTATION_EVIDENCED,NO_LEGACY_PATH_HINT,,,WAITING_ZIP,OPTIONAL_WAITING,WAITING_ZIP,UNDECIDED,,SRC-001 status is structural path evidence only; semantic correctness is not yet judged.
144,Expert Proposal Canonicalization Engine,Future Expert Network,,Planned,,,NO_DEDICATED_DOMAIN_IMPLEMENTATION_EVIDENCED,NO_LEGACY_PATH_HINT,,,WAITING_ZIP,OPTIONAL_WAITING,WAITING_ZIP,UNDECIDED,,SRC-001 status is structural path evidence only; semantic correctness is not yet judged.
145,Creator-vs-Professional Content Classifier,Future Expert Network,,Planned,,,NO_DEDICATED_DOMAIN_IMPLEMENTATION_EVIDENCED,NO_LEGACY_PATH_HINT,,,WAITING_ZIP,OPTIONAL_WAITING,WAITING_ZIP,UNDECIDED,,SRC-001 status is structural path evidence only; semantic correctness is not yet judged.
146,Sponsorship / Conflict-of-Interest Labeler,Future Expert Network,,Planned,,,NO_DEDICATED_DOMAIN_IMPLEMENTATION_EVIDENCED,NO_LEGACY_PATH_HINT,,,WAITING_ZIP,OPTIONAL_WAITING,WAITING_ZIP,UNDECIDED,,SRC-001 status is structural path evidence only; semantic correctness is not yet judged.
147,Expert Alert Triage Algorithm,Future Expert Network,,Planned,,,NO_DEDICATED_DOMAIN_IMPLEMENTATION_EVIDENCED,NO_LEGACY_PATH_HINT,,,WAITING_ZIP,OPTIONAL_WAITING,WAITING_ZIP,UNDECIDED,,SRC-001 status is structural path evidence only; semantic correctness is not yet judged.
148,Marketplace Quality / Reputation Ranker,Future Expert Network,,Planned,,,NO_DEDICATED_DOMAIN_IMPLEMENTATION_EVIDENCED,NO_LEGACY_PATH_HINT,,,WAITING_ZIP,OPTIONAL_WAITING,WAITING_ZIP,UNDECIDED,,SRC-001 status is structural path evidence only; semantic correctness is not yet judged.
149,Moderation / Risk Triage Algorithm,Future Expert Network,,Planned,,,NO_DEDICATED_DOMAIN_IMPLEMENTATION_EVIDENCED,NO_LEGACY_PATH_HINT,,,WAITING_ZIP,OPTIONAL_WAITING,WAITING_ZIP,UNDECIDED,,SRC-001 status is structural path evidence only; semantic correctness is not yet judged.
150,Clinical-Lane Routing Gate,Future Expert Network,,Planned,,,NO_DEDICATED_DOMAIN_IMPLEMENTATION_EVIDENCED,NO_LEGACY_PATH_HINT,,,WAITING_ZIP,OPTIONAL_WAITING,WAITING_ZIP,UNDECIDED,,SRC-001 status is structural path evidence only; semantic correctness is not yet judged.
151,Consent Expiry / Revocation Resolver,Future Expert Network,,Planned,,,NO_DEDICATED_DOMAIN_IMPLEMENTATION_EVIDENCED,NO_LEGACY_PATH_HINT,,,WAITING_ZIP,OPTIONAL_WAITING,WAITING_ZIP,UNDECIDED,,SRC-001 status is structural path evidence only; semantic correctness is not yet judged.
152,Dynamic Energy Expenditure Estimator,Competitor-Gap,,Planned,,,NO_DEDICATED_DOMAIN_IMPLEMENTATION_EVIDENCED,NO_LEGACY_PATH_HINT,,,WAITING_ZIP,OPTIONAL_WAITING,WAITING_ZIP,UNDECIDED,,SRC-001 status is structural path evidence only; semantic correctness is not yet judged.
153,Partial Logging Quality Classifier,Competitor-Gap,,Planned,,,NO_DEDICATED_DOMAIN_IMPLEMENTATION_EVIDENCED,NO_LEGACY_PATH_HINT,,,WAITING_ZIP,OPTIONAL_WAITING,WAITING_ZIP,UNDECIDED,,SRC-001 status is structural path evidence only; semantic correctness is not yet judged.
154,Weekly Target Adjustment Smoother,Competitor-Gap,,Planned,,,NO_DEDICATED_DOMAIN_IMPLEMENTATION_EVIDENCED,NO_LEGACY_PATH_HINT,,,WAITING_ZIP,OPTIONAL_WAITING,WAITING_ZIP,UNDECIDED,,SRC-001 status is structural path evidence only; semantic correctness is not yet judged.
155,Full Nutrient Adequacy Analyzer,Competitor-Gap,,Planned,,,NO_DEDICATED_DOMAIN_IMPLEMENTATION_EVIDENCED,NO_LEGACY_PATH_HINT,,,WAITING_ZIP,OPTIONAL_WAITING,WAITING_ZIP,UNDECIDED,,SRC-001 status is structural path evidence only; semantic correctness is not yet judged.
156,Food Nutrient Contribution Ranker,Competitor-Gap,,Planned,,,NO_DEDICATED_DOMAIN_IMPLEMENTATION_EVIDENCED,NO_LEGACY_PATH_HINT,,,WAITING_ZIP,OPTIONAL_WAITING,WAITING_ZIP,UNDECIDED,,SRC-001 status is structural path evidence only; semantic correctness is not yet judged.
157,Cross-Metric Correlation Analyzer,Competitor-Gap,,Planned,,,NO_DEDICATED_DOMAIN_IMPLEMENTATION_EVIDENCED,NO_LEGACY_PATH_HINT,,,WAITING_ZIP,OPTIONAL_WAITING,WAITING_ZIP,UNDECIDED,,SRC-001 status is structural path evidence only; semantic correctness is not yet judged.
158,Recipe Recommendation Ranker,Competitor-Gap,,Planned,,,NO_DEDICATED_DOMAIN_IMPLEMENTATION_EVIDENCED,NO_LEGACY_PATH_HINT,,,WAITING_ZIP,OPTIONAL_WAITING,WAITING_ZIP,UNDECIDED,,SRC-001 status is structural path evidence only; semantic correctness is not yet judged.
159,Meal Plan Swap / Replan Optimizer,Competitor-Gap,,Planned,,,NO_DEDICATED_DOMAIN_IMPLEMENTATION_EVIDENCED,NO_LEGACY_PATH_HINT,,,WAITING_ZIP,OPTIONAL_WAITING,WAITING_ZIP,UNDECIDED,,SRC-001 status is structural path evidence only; semantic correctness is not yet judged.
160,Household Meal Portion Planner,Competitor-Gap,,Planned,,,NO_DEDICATED_DOMAIN_IMPLEMENTATION_EVIDENCED,NO_LEGACY_PATH_HINT,,,WAITING_ZIP,OPTIONAL_WAITING,WAITING_ZIP,UNDECIDED,,SRC-001 status is structural path evidence only; semantic correctness is not yet judged.
161,Nutrition Label Extraction / Resolver,Competitor-Gap,,Planned,,,NO_DEDICATED_DOMAIN_IMPLEMENTATION_EVIDENCED,NO_LEGACY_PATH_HINT,,,WAITING_ZIP,OPTIONAL_WAITING,WAITING_ZIP,UNDECIDED,,SRC-001 status is structural path evidence only; semantic correctness is not yet judged.
162,Restaurant / Menu Candidate Resolver,Competitor-Gap,,Planned,,,NO_DEDICATED_DOMAIN_IMPLEMENTATION_EVIDENCED,NO_LEGACY_PATH_HINT,,,WAITING_ZIP,OPTIONAL_WAITING,WAITING_ZIP,UNDECIDED,,SRC-001 status is structural path evidence only; semantic correctness is not yet judged.
163,Estimated Strength / 1RM Model,Competitor-Gap,,Planned,,,NO_DEDICATED_DOMAIN_IMPLEMENTATION_EVIDENCED,NO_LEGACY_PATH_HINT,,,WAITING_ZIP,OPTIONAL_WAITING,WAITING_ZIP,UNDECIDED,,SRC-001 status is structural path evidence only; semantic correctness is not yet judged.
164,Training Volume Balance Optimizer,Competitor-Gap,,Planned,,,NO_DEDICATED_DOMAIN_IMPLEMENTATION_EVIDENCED,NO_LEGACY_PATH_HINT,,,WAITING_ZIP,OPTIONAL_WAITING,WAITING_ZIP,UNDECIDED,,SRC-001 status is structural path evidence only; semantic correctness is not yet judged.
165,Superset / Circuit Composer,Competitor-Gap,,Planned,,,NO_DEDICATED_DOMAIN_IMPLEMENTATION_EVIDENCED,NO_LEGACY_PATH_HINT,,,WAITING_ZIP,OPTIONAL_WAITING,WAITING_ZIP,UNDECIDED,,SRC-001 status is structural path evidence only; semantic correctness is not yet judged.
166,Workout Refresh Trigger Orchestrator,Competitor-Gap,,Planned,,,NO_DEDICATED_DOMAIN_IMPLEMENTATION_EVIDENCED,NO_LEGACY_PATH_HINT,,,WAITING_ZIP,OPTIONAL_WAITING,WAITING_ZIP,UNDECIDED,,SRC-001 status is structural path evidence only; semantic correctness is not yet judged.
167,Behavior Intervention Ranker,Competitor-Gap,,Planned,,,NO_DEDICATED_DOMAIN_IMPLEMENTATION_EVIDENCED,NO_LEGACY_PATH_HINT,,,WAITING_ZIP,OPTIONAL_WAITING,WAITING_ZIP,UNDECIDED,,SRC-001 status is structural path evidence only; semantic correctness is not yet judged.
