source_set,source_table,source_domain,owner_model,time_horizon,fact_evidence_class,algorithm_gate,authority_hint,reconciliation_status,final_disposition,canonical_target,notes
CORE_81,dbo.analysis_attempt,Core canonical baseline,,,,,A1/A3/A5_MIXED_REVIEW,PENDING_RECONCILIATION,,,Inventory only; final authority is not locked by source location.
CORE_81,dbo.analysis_event,Core canonical baseline,,,,,A1/A3/A5_MIXED_REVIEW,PENDING_RECONCILIATION,,,Inventory only; final authority is not locked by source location.
CORE_81,dbo.model_configuration,Core canonical baseline,,,,,A1/A3/A5_MIXED_REVIEW,PENDING_RECONCILIATION,,,Inventory only; final authority is not locked by source location.
CORE_81,dbo.prompt_template,Core canonical baseline,,,,,A1/A3/A5_MIXED_REVIEW,PENDING_RECONCILIATION,,,Inventory only; final authority is not locked by source location.
CORE_81,dbo.prompt_version,Core canonical baseline,,,,,A1/A3/A5_MIXED_REVIEW,PENDING_RECONCILIATION,,,Inventory only; final authority is not locked by source location.
CORE_81,dbo.provider_call,Core canonical baseline,,,,,A1/A3/A5_MIXED_REVIEW,PENDING_RECONCILIATION,,,Inventory only; final authority is not locked by source location.
CORE_81,dbo.entitlement,Core canonical baseline,,,,,A1/A3/A5_MIXED_REVIEW,PENDING_RECONCILIATION,,,Inventory only; final authority is not locked by source location.
CORE_81,dbo.purchase_event,Core canonical baseline,,,,,A1/A3/A5_MIXED_REVIEW,PENDING_RECONCILIATION,,,Inventory only; final authority is not locked by source location.
CORE_81,dbo.subscription,Core canonical baseline,,,,,A1/A3/A5_MIXED_REVIEW,PENDING_RECONCILIATION,,,Inventory only; final authority is not locked by source location.
CORE_81,dbo.usage_ledger,Core canonical baseline,,,,,A1/A3/A5_MIXED_REVIEW,PENDING_RECONCILIATION,,,Inventory only; final authority is not locked by source location.
CORE_81,dbo.webhook_event,Core canonical baseline,,,,,A1/A3/A5_MIXED_REVIEW,PENDING_RECONCILIATION,,,Inventory only; final authority is not locked by source location.
CORE_81,dbo.device,Core canonical baseline,,,,,A1/A3/A5_MIXED_REVIEW,PENDING_RECONCILIATION,,,Inventory only; final authority is not locked by source location.
CORE_81,dbo.device_command,Core canonical baseline,,,,,A1/A3/A5_MIXED_REVIEW,PENDING_RECONCILIATION,,,Inventory only; final authority is not locked by source location.
CORE_81,dbo.device_session,Core canonical baseline,,,,,A1/A3/A5_MIXED_REVIEW,PENDING_RECONCILIATION,,,Inventory only; final authority is not locked by source location.
CORE_81,dbo.health_connection,Core canonical baseline,,,,,A1/A3/A5_MIXED_REVIEW,PENDING_RECONCILIATION,,,Inventory only; final authority is not locked by source location.
CORE_81,dbo.health_import_cursor,Core canonical baseline,,,,,A1/A3/A5_MIXED_REVIEW,PENDING_RECONCILIATION,,,Inventory only; final authority is not locked by source location.
CORE_81,dbo.health_sample_summary,Core canonical baseline,,,,,A1/A3/A5_MIXED_REVIEW,PENDING_RECONCILIATION,,,Inventory only; final authority is not locked by source location.
CORE_81,dbo.idempotency_key,Core canonical baseline,,,,,A1/A3/A5_MIXED_REVIEW,PENDING_RECONCILIATION,,,Inventory only; final authority is not locked by source location.
CORE_81,dbo.sync_cursor,Core canonical baseline,,,,,A1/A3/A5_MIXED_REVIEW,PENDING_RECONCILIATION,,,Inventory only; final authority is not locked by source location.
CORE_81,dbo.sync_operation,Core canonical baseline,,,,,A1/A3/A5_MIXED_REVIEW,PENDING_RECONCILIATION,,,Inventory only; final authority is not locked by source location.
CORE_81,dbo.watch_delivery,Core canonical baseline,,,,,A1/A3/A5_MIXED_REVIEW,PENDING_RECONCILIATION,,,Inventory only; final authority is not locked by source location.
CORE_81,dbo.watch_receipt,Core canonical baseline,,,,,A1/A3/A5_MIXED_REVIEW,PENDING_RECONCILIATION,,,Inventory only; final authority is not locked by source location.
CORE_81,dbo.audit_event,Core canonical baseline,,,,,A1/A3/A5_MIXED_REVIEW,PENDING_RECONCILIATION,,,Inventory only; final authority is not locked by source location.
CORE_81,dbo.calendar_entry,Core canonical baseline,,,,,A1/A3/A5_MIXED_REVIEW,PENDING_RECONCILIATION,,,Inventory only; final authority is not locked by source location.
CORE_81,dbo.calendar_revision,Core canonical baseline,,,,,A1/A3/A5_MIXED_REVIEW,PENDING_RECONCILIATION,,,Inventory only; final authority is not locked by source location.
CORE_81,dbo.content_report,Core canonical baseline,,,,,A1/A3/A5_MIXED_REVIEW,PENDING_RECONCILIATION,,,Inventory only; final authority is not locked by source location.
CORE_81,dbo.data_retention_job,Core canonical baseline,,,,,A1/A3/A5_MIXED_REVIEW,PENDING_RECONCILIATION,,,Inventory only; final authority is not locked by source location.
CORE_81,dbo.deletion_job,Core canonical baseline,,,,,A1/A3/A5_MIXED_REVIEW,PENDING_RECONCILIATION,,,Inventory only; final authority is not locked by source location.
CORE_81,dbo.deletion_request,Core canonical baseline,,,,,A1/A3/A5_MIXED_REVIEW,PENDING_RECONCILIATION,,,Inventory only; final authority is not locked by source location.
CORE_81,dbo.export_artifact,Core canonical baseline,,,,,A1/A3/A5_MIXED_REVIEW,PENDING_RECONCILIATION,,,Inventory only; final authority is not locked by source location.
CORE_81,dbo.export_job,Core canonical baseline,,,,,A1/A3/A5_MIXED_REVIEW,PENDING_RECONCILIATION,,,Inventory only; final authority is not locked by source location.
CORE_81,dbo.feature_flag,Core canonical baseline,,,,,A1/A3/A5_MIXED_REVIEW,PENDING_RECONCILIATION,,,Inventory only; final authority is not locked by source location.
CORE_81,dbo.schema_migrations,Core canonical baseline,,,,,A1/A3/A5_MIXED_REVIEW,PENDING_RECONCILIATION,,,Inventory only; final authority is not locked by source location.
CORE_81,dbo.serving_prior_observation,Core canonical baseline,,,,,A1/A3/A5_MIXED_REVIEW,PENDING_RECONCILIATION,,,Inventory only; final authority is not locked by source location.
CORE_81,dbo.support_ticket,Core canonical baseline,,,,,A1/A3/A5_MIXED_REVIEW,PENDING_RECONCILIATION,,,Inventory only; final authority is not locked by source location.
CORE_81,dbo.consent_record,Core canonical baseline,,,,,A1/A3/A5_MIXED_REVIEW,PENDING_RECONCILIATION,,,Inventory only; final authority is not locked by source location.
CORE_81,dbo.onboarding_progress,Core canonical baseline,,,,,A1/A3/A5_MIXED_REVIEW,PENDING_RECONCILIATION,,,Inventory only; final authority is not locked by source location.
CORE_81,dbo.privacy_preference,Core canonical baseline,,,,,A1/A3/A5_MIXED_REVIEW,PENDING_RECONCILIATION,,,Inventory only; final authority is not locked by source location.
CORE_81,dbo.target_revision,Core canonical baseline,,,,,A1/A3/A5_MIXED_REVIEW,PENDING_RECONCILIATION,,,Inventory only; final authority is not locked by source location.
CORE_81,dbo.user_goal,Core canonical baseline,,,,,A1/A3/A5_MIXED_REVIEW,PENDING_RECONCILIATION,,,Inventory only; final authority is not locked by source location.
CORE_81,dbo.user_identity,Core canonical baseline,,,,,A1/A3/A5_MIXED_REVIEW,PENDING_RECONCILIATION,,,Inventory only; final authority is not locked by source location.
CORE_81,dbo.user_preference,Core canonical baseline,,,,,A1/A3/A5_MIXED_REVIEW,PENDING_RECONCILIATION,,,Inventory only; final authority is not locked by source location.
CORE_81,dbo.user_profile,Core canonical baseline,,,,,A1/A3/A5_MIXED_REVIEW,PENDING_RECONCILIATION,,,Inventory only; final authority is not locked by source location.
CORE_81,dbo.user_session_metadata,Core canonical baseline,,,,,A1/A3/A5_MIXED_REVIEW,PENDING_RECONCILIATION,,,Inventory only; final authority is not locked by source location.
CORE_81,dbo.notification,Core canonical baseline,,,,,A1/A3/A5_MIXED_REVIEW,PENDING_RECONCILIATION,,,Inventory only; final authority is not locked by source location.
CORE_81,dbo.notification_delivery,Core canonical baseline,,,,,A1/A3/A5_MIXED_REVIEW,PENDING_RECONCILIATION,,,Inventory only; final authority is not locked by source location.
CORE_81,dbo.action_completion,Core canonical baseline,,,,,A1/A3/A5_MIXED_REVIEW,PENDING_RECONCILIATION,,,Inventory only; final authority is not locked by source location.
CORE_81,dbo.daily_aggregate,Core canonical baseline,,,,,A1/A3/A5_MIXED_REVIEW,PENDING_RECONCILIATION,,,Inventory only; final authority is not locked by source location.
CORE_81,dbo.daily_recommendation,Core canonical baseline,,,,,A1/A3/A5_MIXED_REVIEW,PENDING_RECONCILIATION,,,Inventory only; final authority is not locked by source location.
CORE_81,dbo.daily_summary,Core canonical baseline,,,,,A1/A3/A5_MIXED_REVIEW,PENDING_RECONCILIATION,,,Inventory only; final authority is not locked by source location.
CORE_81,dbo.day_summary,Core canonical baseline,,,,,A1/A3/A5_MIXED_REVIEW,PENDING_RECONCILIATION,,,Inventory only; final authority is not locked by source location.
CORE_81,dbo.food_catalog_alias,Core canonical baseline,,,,,A1/A3/A5_MIXED_REVIEW,PENDING_RECONCILIATION,,,Inventory only; final authority is not locked by source location.
CORE_81,dbo.meal,Core canonical baseline,,,,,A1/A3/A5_MIXED_REVIEW,PENDING_RECONCILIATION,,,Inventory only; final authority is not locked by source location.
CORE_81,dbo.meal_analysis_request,Core canonical baseline,,,,,A1/A3/A5_MIXED_REVIEW,PENDING_RECONCILIATION,,,Inventory only; final authority is not locked by source location.
CORE_81,dbo.meal_draft,Core canonical baseline,,,,,A1/A3/A5_MIXED_REVIEW,PENDING_RECONCILIATION,,,Inventory only; final authority is not locked by source location.
CORE_81,dbo.meal_draft_revision,Core canonical baseline,,,,,A1/A3/A5_MIXED_REVIEW,PENDING_RECONCILIATION,,,Inventory only; final authority is not locked by source location.
CORE_81,dbo.meal_item,Core canonical baseline,,,,,A1/A3/A5_MIXED_REVIEW,PENDING_RECONCILIATION,,,Inventory only; final authority is not locked by source location.
CORE_81,dbo.meal_item_revision,Core canonical baseline,,,,,A1/A3/A5_MIXED_REVIEW,PENDING_RECONCILIATION,,,Inventory only; final authority is not locked by source location.
CORE_81,dbo.meal_media,Core canonical baseline,,,,,A1/A3/A5_MIXED_REVIEW,PENDING_RECONCILIATION,,,Inventory only; final authority is not locked by source location.
CORE_81,dbo.meal_revision,Core canonical baseline,,,,,A1/A3/A5_MIXED_REVIEW,PENDING_RECONCILIATION,,,Inventory only; final authority is not locked by source location.
CORE_81,dbo.meal_tombstone,Core canonical baseline,,,,,A1/A3/A5_MIXED_REVIEW,PENDING_RECONCILIATION,,,Inventory only; final authority is not locked by source location.
CORE_81,dbo.nutrition_source_cache,Core canonical baseline,,,,,A1/A3/A5_MIXED_REVIEW,PENDING_RECONCILIATION,,,Inventory only; final authority is not locked by source location.
CORE_81,dbo.personal_food,Core canonical baseline,,,,,A1/A3/A5_MIXED_REVIEW,PENDING_RECONCILIATION,,,Inventory only; final authority is not locked by source location.
CORE_81,dbo.recommendation_evidence,Core canonical baseline,,,,,A1/A3/A5_MIXED_REVIEW,PENDING_RECONCILIATION,,,Inventory only; final authority is not locked by source location.
CORE_81,dbo.saved_meal,Core canonical baseline,,,,,A1/A3/A5_MIXED_REVIEW,PENDING_RECONCILIATION,,,Inventory only; final authority is not locked by source location.
CORE_81,dbo.saved_meal_item,Core canonical baseline,,,,,A1/A3/A5_MIXED_REVIEW,PENDING_RECONCILIATION,,,Inventory only; final authority is not locked by source location.
CORE_81,dbo.wellness_checkin,Core canonical baseline,,,,,A1/A3/A5_MIXED_REVIEW,PENDING_RECONCILIATION,,,Inventory only; final authority is not locked by source location.
CORE_81,dbo.progress_insight,Core canonical baseline,,,,,A1/A3/A5_MIXED_REVIEW,PENDING_RECONCILIATION,,,Inventory only; final authority is not locked by source location.
CORE_81,dbo.report,Core canonical baseline,,,,,A1/A3/A5_MIXED_REVIEW,PENDING_RECONCILIATION,,,Inventory only; final authority is not locked by source location.
CORE_81,dbo.report_evidence,Core canonical baseline,,,,,A1/A3/A5_MIXED_REVIEW,PENDING_RECONCILIATION,,,Inventory only; final authority is not locked by source location.
CORE_81,dbo.report_section,Core canonical baseline,,,,,A1/A3/A5_MIXED_REVIEW,PENDING_RECONCILIATION,,,Inventory only; final authority is not locked by source location.
CORE_81,dbo.exercise_catalog,Core canonical baseline,,,,,A1/A3/A5_MIXED_REVIEW,PENDING_RECONCILIATION,,,Inventory only; final authority is not locked by source location.
CORE_81,dbo.exercise_muscle_map,Core canonical baseline,,,,,A1/A3/A5_MIXED_REVIEW,PENDING_RECONCILIATION,,,Inventory only; final authority is not locked by source location.
CORE_81,dbo.muscle_load,Core canonical baseline,,,,,A1/A3/A5_MIXED_REVIEW,PENDING_RECONCILIATION,,,Inventory only; final authority is not locked by source location.
CORE_81,dbo.workout_event,Core canonical baseline,,,,,A1/A3/A5_MIXED_REVIEW,PENDING_RECONCILIATION,,,Inventory only; final authority is not locked by source location.
CORE_81,dbo.workout_plan,Core canonical baseline,,,,,A1/A3/A5_MIXED_REVIEW,PENDING_RECONCILIATION,,,Inventory only; final authority is not locked by source location.
CORE_81,dbo.workout_plan_revision,Core canonical baseline,,,,,A1/A3/A5_MIXED_REVIEW,PENDING_RECONCILIATION,,,Inventory only; final authority is not locked by source location.
CORE_81,dbo.workout_plan_step,Core canonical baseline,,,,,A1/A3/A5_MIXED_REVIEW,PENDING_RECONCILIATION,,,Inventory only; final authority is not locked by source location.
CORE_81,dbo.workout_session,Core canonical baseline,,,,,A1/A3/A5_MIXED_REVIEW,PENDING_RECONCILIATION,,,Inventory only; final authority is not locked by source location.
CORE_81,dbo.workout_session_revision,Core canonical baseline,,,,,A1/A3/A5_MIXED_REVIEW,PENDING_RECONCILIATION,,,Inventory only; final authority is not locked by source location.
CORE_81,dbo.workout_summary,Core canonical baseline,,,,,A1/A3/A5_MIXED_REVIEW,PENDING_RECONCILIATION,,,Inventory only; final authority is not locked by source location.
DRAFT_29,dbo.recipe,Draft full-product additions,,,,,MIXED_DRAFT_REVIEW,PENDING_RECONCILIATION,,,Inventory only; final authority is not locked by source location.
DRAFT_29,dbo.recipe_revision,Draft full-product additions,,,,,MIXED_DRAFT_REVIEW,PENDING_RECONCILIATION,,,Inventory only; final authority is not locked by source location.
DRAFT_29,dbo.recipe_ingredient,Draft full-product additions,,,,,MIXED_DRAFT_REVIEW,PENDING_RECONCILIATION,,,Inventory only; final authority is not locked by source location.
DRAFT_29,dbo.recipe_step,Draft full-product additions,,,,,MIXED_DRAFT_REVIEW,PENDING_RECONCILIATION,,,Inventory only; final authority is not locked by source location.
DRAFT_29,dbo.recipe_source,Draft full-product additions,,,,,MIXED_DRAFT_REVIEW,PENDING_RECONCILIATION,,,Inventory only; final authority is not locked by source location.
DRAFT_29,dbo.recipe_import_job,Draft full-product additions,,,,,MIXED_DRAFT_REVIEW,PENDING_RECONCILIATION,,,Inventory only; final authority is not locked by source location.
DRAFT_29,dbo.recipe_import_event,Draft full-product additions,,,,,MIXED_DRAFT_REVIEW,PENDING_RECONCILIATION,,,Inventory only; final authority is not locked by source location.
DRAFT_29,dbo.recipe_import_candidate,Draft full-product additions,,,,,MIXED_DRAFT_REVIEW,PENDING_RECONCILIATION,,,Inventory only; final authority is not locked by source location.
DRAFT_29,dbo.recipe_import_issue,Draft full-product additions,,,,,MIXED_DRAFT_REVIEW,PENDING_RECONCILIATION,,,Inventory only; final authority is not locked by source location.
DRAFT_29,dbo.recipe_food_match,Draft full-product additions,,,,,MIXED_DRAFT_REVIEW,PENDING_RECONCILIATION,,,Inventory only; final authority is not locked by source location.
DRAFT_29,dbo.recipe_nutrition_snapshot,Draft full-product additions,,,,,MIXED_DRAFT_REVIEW,PENDING_RECONCILIATION,,,Inventory only; final authority is not locked by source location.
DRAFT_29,dbo.recipe_media_ref,Draft full-product additions,,,,,MIXED_DRAFT_REVIEW,PENDING_RECONCILIATION,,,Inventory only; final authority is not locked by source location.
DRAFT_29,dbo.meal_plan,Draft full-product additions,,,,,MIXED_DRAFT_REVIEW,PENDING_RECONCILIATION,,,Inventory only; final authority is not locked by source location.
DRAFT_29,dbo.meal_plan_revision,Draft full-product additions,,,,,MIXED_DRAFT_REVIEW,PENDING_RECONCILIATION,,,Inventory only; final authority is not locked by source location.
DRAFT_29,dbo.planned_meal,Draft full-product additions,,,,,MIXED_DRAFT_REVIEW,PENDING_RECONCILIATION,,,Inventory only; final authority is not locked by source location.
DRAFT_29,dbo.planned_meal_item,Draft full-product additions,,,,,MIXED_DRAFT_REVIEW,PENDING_RECONCILIATION,,,Inventory only; final authority is not locked by source location.
DRAFT_29,dbo.meal_plan_constraint,Draft full-product additions,,,,,MIXED_DRAFT_REVIEW,PENDING_RECONCILIATION,,,Inventory only; final authority is not locked by source location.
DRAFT_29,dbo.meal_plan_conflict,Draft full-product additions,,,,,MIXED_DRAFT_REVIEW,PENDING_RECONCILIATION,,,Inventory only; final authority is not locked by source location.
DRAFT_29,dbo.meal_plan_swap,Draft full-product additions,,,,,MIXED_DRAFT_REVIEW,PENDING_RECONCILIATION,,,Inventory only; final authority is not locked by source location.
DRAFT_29,dbo.shopping_list,Draft full-product additions,,,,,MIXED_DRAFT_REVIEW,PENDING_RECONCILIATION,,,Inventory only; final authority is not locked by source location.
DRAFT_29,dbo.shopping_item,Draft full-product additions,,,,,MIXED_DRAFT_REVIEW,PENDING_RECONCILIATION,,,Inventory only; final authority is not locked by source location.
DRAFT_29,dbo.pantry_item,Draft full-product additions,,,,,MIXED_DRAFT_REVIEW,PENDING_RECONCILIATION,,,Inventory only; final authority is not locked by source location.
DRAFT_29,dbo.pantry_revision,Draft full-product additions,,,,,MIXED_DRAFT_REVIEW,PENDING_RECONCILIATION,,,Inventory only; final authority is not locked by source location.
DRAFT_29,dbo.shopping_source_link,Draft full-product additions,,,,,MIXED_DRAFT_REVIEW,PENDING_RECONCILIATION,,,Inventory only; final authority is not locked by source location.
DRAFT_29,dbo.soreness_observation,Draft full-product additions,,,,,MIXED_DRAFT_REVIEW,PENDING_RECONCILIATION,,,Inventory only; final authority is not locked by source location.
DRAFT_29,dbo.soreness_region,Draft full-product additions,,,,,MIXED_DRAFT_REVIEW,PENDING_RECONCILIATION,,,Inventory only; final authority is not locked by source location.
DRAFT_29,dbo.readiness_decision,Draft full-product additions,,,,,MIXED_DRAFT_REVIEW,PENDING_RECONCILIATION,,,Inventory only; final authority is not locked by source location.
DRAFT_29,dbo.progress_media,Draft full-product additions,,,,,MIXED_DRAFT_REVIEW,PENDING_RECONCILIATION,,,Inventory only; final authority is not locked by source location.
DRAFT_29,dbo.body_observation,Draft full-product additions,,,,,MIXED_DRAFT_REVIEW,PENDING_RECONCILIATION,,,Inventory only; final authority is not locked by source location.
FOOD_15,dbo.catalog_source,Shared food/barcode catalog,,,,,A2_REFERENCE_CANDIDATE,PENDING_RECONCILIATION,,,Inventory only; final authority is not locked by source location.
FOOD_15,dbo.catalog_release,Shared food/barcode catalog,,,,,A2_REFERENCE_CANDIDATE,PENDING_RECONCILIATION,,,Inventory only; final authority is not locked by source location.
FOOD_15,dbo.food,Shared food/barcode catalog,,,,,A2_REFERENCE_CANDIDATE,PENDING_RECONCILIATION,,,Inventory only; final authority is not locked by source location.
FOOD_15,dbo.food_revision,Shared food/barcode catalog,,,,,A2_REFERENCE_CANDIDATE,PENDING_RECONCILIATION,,,Inventory only; final authority is not locked by source location.
FOOD_15,dbo.food_alias,Shared food/barcode catalog,,,,,A2_REFERENCE_CANDIDATE,PENDING_RECONCILIATION,,,Inventory only; final authority is not locked by source location.
FOOD_15,dbo.barcode,Shared food/barcode catalog,,,,,A2_REFERENCE_CANDIDATE,PENDING_RECONCILIATION,,,Inventory only; final authority is not locked by source location.
FOOD_15,dbo.branded_product,Shared food/barcode catalog,,,,,A2_REFERENCE_CANDIDATE,PENDING_RECONCILIATION,,,Inventory only; final authority is not locked by source location.
FOOD_15,dbo.nutrient_definition,Shared food/barcode catalog,,,,,A2_REFERENCE_CANDIDATE,PENDING_RECONCILIATION,,,Inventory only; final authority is not locked by source location.
FOOD_15,dbo.food_nutrient,Shared food/barcode catalog,,,,,A2_REFERENCE_CANDIDATE,PENDING_RECONCILIATION,,,Inventory only; final authority is not locked by source location.
FOOD_15,dbo.serving_unit,Shared food/barcode catalog,,,,,A2_REFERENCE_CANDIDATE,PENDING_RECONCILIATION,,,Inventory only; final authority is not locked by source location.
FOOD_15,dbo.food_serving,Shared food/barcode catalog,,,,,A2_REFERENCE_CANDIDATE,PENDING_RECONCILIATION,,,Inventory only; final authority is not locked by source location.
FOOD_15,dbo.product_ingredient,Shared food/barcode catalog,,,,,A2_REFERENCE_CANDIDATE,PENDING_RECONCILIATION,,,Inventory only; final authority is not locked by source location.
FOOD_15,dbo.product_allergen,Shared food/barcode catalog,,,,,A2_REFERENCE_CANDIDATE,PENDING_RECONCILIATION,,,Inventory only; final authority is not locked by source location.
FOOD_15,dbo.catalog_ingestion_run,Shared food/barcode catalog,,,,,A2_REFERENCE_CANDIDATE,PENDING_RECONCILIATION,,,Inventory only; final authority is not locked by source location.
FOOD_15,dbo.catalog_ingestion_error,Shared food/barcode catalog,,,,,A2_REFERENCE_CANDIDATE,PENDING_RECONCILIATION,,,Inventory only; final authority is not locked by source location.
PHONE_32,profile_snapshot,Android Room/SQLite,,,,,A4_LOCAL_CANDIDATE,PENDING_RECONCILIATION,,,Inventory only; final authority is not locked by source location.
PHONE_32,onboarding_draft,Android Room/SQLite,,,,,A4_LOCAL_CANDIDATE,PENDING_RECONCILIATION,,,Inventory only; final authority is not locked by source location.
PHONE_32,target_snapshot,Android Room/SQLite,,,,,A4_LOCAL_CANDIDATE,PENDING_RECONCILIATION,,,Inventory only; final authority is not locked by source location.
PHONE_32,preference_snapshot,Android Room/SQLite,,,,,A4_LOCAL_CANDIDATE,PENDING_RECONCILIATION,,,Inventory only; final authority is not locked by source location.
PHONE_32,meal_cache,Android Room/SQLite,,,,,A4_LOCAL_CANDIDATE,PENDING_RECONCILIATION,,,Inventory only; final authority is not locked by source location.
PHONE_32,meal_item_cache,Android Room/SQLite,,,,,A4_LOCAL_CANDIDATE,PENDING_RECONCILIATION,,,Inventory only; final authority is not locked by source location.
PHONE_32,meal_draft,Android Room/SQLite,,,,,A4_LOCAL_CANDIDATE,PENDING_RECONCILIATION,,,Inventory only; final authority is not locked by source location.
PHONE_32,daily_nutrition_cache,Android Room/SQLite,,,,,A4_LOCAL_CANDIDATE,PENDING_RECONCILIATION,,,Inventory only; final authority is not locked by source location.
PHONE_32,saved_meal_cache,Android Room/SQLite,,,,,A4_LOCAL_CANDIDATE,PENDING_RECONCILIATION,,,Inventory only; final authority is not locked by source location.
PHONE_32,personal_food_cache,Android Room/SQLite,,,,,A4_LOCAL_CANDIDATE,PENDING_RECONCILIATION,,,Inventory only; final authority is not locked by source location.
PHONE_32,food_lookup_cache,Android Room/SQLite,,,,,A4_LOCAL_CANDIDATE,PENDING_RECONCILIATION,,,Inventory only; final authority is not locked by source location.
PHONE_32,recipe_cache,Android Room/SQLite,,,,,A4_LOCAL_CANDIDATE,PENDING_RECONCILIATION,,,Inventory only; final authority is not locked by source location.
PHONE_32,recipe_draft,Android Room/SQLite,,,,,A4_LOCAL_CANDIDATE,PENDING_RECONCILIATION,,,Inventory only; final authority is not locked by source location.
PHONE_32,recipe_import_job,Android Room/SQLite,,,,,A4_LOCAL_CANDIDATE,PENDING_RECONCILIATION,,,Inventory only; final authority is not locked by source location.
PHONE_32,meal_plan_cache,Android Room/SQLite,,,,,A4_LOCAL_CANDIDATE,PENDING_RECONCILIATION,,,Inventory only; final authority is not locked by source location.
PHONE_32,planned_meal_cache,Android Room/SQLite,,,,,A4_LOCAL_CANDIDATE,PENDING_RECONCILIATION,,,Inventory only; final authority is not locked by source location.
PHONE_32,shopping_cache,Android Room/SQLite,,,,,A4_LOCAL_CANDIDATE,PENDING_RECONCILIATION,,,Inventory only; final authority is not locked by source location.
PHONE_32,exercise_cache,Android Room/SQLite,,,,,A4_LOCAL_CANDIDATE,PENDING_RECONCILIATION,,,Inventory only; final authority is not locked by source location.
PHONE_32,workout_plan_cache,Android Room/SQLite,,,,,A4_LOCAL_CANDIDATE,PENDING_RECONCILIATION,,,Inventory only; final authority is not locked by source location.
PHONE_32,workout_plan_step_cache,Android Room/SQLite,,,,,A4_LOCAL_CANDIDATE,PENDING_RECONCILIATION,,,Inventory only; final authority is not locked by source location.
PHONE_32,active_workout,Android Room/SQLite,,,,,A4_LOCAL_CANDIDATE,PENDING_RECONCILIATION,,,Inventory only; final authority is not locked by source location.
PHONE_32,workout_event_journal,Android Room/SQLite,,,,,A4_LOCAL_CANDIDATE,PENDING_RECONCILIATION,,,Inventory only; final authority is not locked by source location.
PHONE_32,workout_history,Android Room/SQLite,,,,,A4_LOCAL_CANDIDATE,PENDING_RECONCILIATION,,,Inventory only; final authority is not locked by source location.
PHONE_32,readiness_soreness_cache,Android Room/SQLite,,,,,A4_LOCAL_CANDIDATE,PENDING_RECONCILIATION,,,Inventory only; final authority is not locked by source location.
PHONE_32,substitution_cache,Android Room/SQLite,,,,,A4_LOCAL_CANDIDATE,PENDING_RECONCILIATION,,,Inventory only; final authority is not locked by source location.
PHONE_32,calendar_cache,Android Room/SQLite,,,,,A4_LOCAL_CANDIDATE,PENDING_RECONCILIATION,,,Inventory only; final authority is not locked by source location.
PHONE_32,progress_cache,Android Room/SQLite,,,,,A4_LOCAL_CANDIDATE,PENDING_RECONCILIATION,,,Inventory only; final authority is not locked by source location.
PHONE_32,report_cache,Android Room/SQLite,,,,,A4_LOCAL_CANDIDATE,PENDING_RECONCILIATION,,,Inventory only; final authority is not locked by source location.
PHONE_32,pending_outbox,Android Room/SQLite,,,,,A4_LOCAL_CANDIDATE,PENDING_RECONCILIATION,,,Inventory only; final authority is not locked by source location.
PHONE_32,sync_receipt,Android Room/SQLite,,,,,A4_LOCAL_CANDIDATE,PENDING_RECONCILIATION,,,Inventory only; final authority is not locked by source location.
PHONE_32,conflict_record,Android Room/SQLite,,,,,A4_LOCAL_CANDIDATE,PENDING_RECONCILIATION,,,Inventory only; final authority is not locked by source location.
PHONE_32,device_health_cache,Android Room/SQLite,,,,,A4_LOCAL_CANDIDATE,PENDING_RECONCILIATION,,,Inventory only; final authority is not locked by source location.
WEAR_4,wear_downloaded_workout,Wear SQLite,,,,,A4_LOCAL_CANDIDATE,PENDING_RECONCILIATION,,,Inventory only; final authority is not locked by source location.
WEAR_4,wear_workout_operation,Wear SQLite,,,,,A4_LOCAL_CANDIDATE,PENDING_RECONCILIATION,,,Inventory only; final authority is not locked by source location.
WEAR_4,wear_readiness_cache,Wear SQLite,,,,,A4_LOCAL_CANDIDATE,PENDING_RECONCILIATION,,,Inventory only; final authority is not locked by source location.
WEAR_4,wear_progress_glance_cache,Wear SQLite,,,,,A4_LOCAL_CANDIDATE,PENDING_RECONCILIATION,,,Inventory only; final authority is not locked by source location.
TRAINING_141,catalog_release,"Catalog, source & labels",Platform-owned,Immediate + intermediate,Source fact; provenance; review fact,Source and review required,TRAINING_LAYER_REVIEW,PENDING_RECONCILIATION,,,Do not merge wholesale into private runtime.
TRAINING_141,source_provider,"Catalog, source & labels",Platform-owned,Immediate + intermediate,Source fact; provenance; review fact,Source and review required,TRAINING_LAYER_REVIEW,PENDING_RECONCILIATION,,,Do not merge wholesale into private runtime.
TRAINING_141,source_dataset,"Catalog, source & labels",Platform-owned,Immediate + intermediate,Source fact; provenance; review fact,Source and review required,TRAINING_LAYER_REVIEW,PENDING_RECONCILIATION,,,Do not merge wholesale into private runtime.
TRAINING_141,source_record,"Catalog, source & labels",Platform-owned,Immediate + intermediate,Source fact; provenance; review fact,Source and review required,TRAINING_LAYER_REVIEW,PENDING_RECONCILIATION,,,Do not merge wholesale into private runtime.
TRAINING_141,source_record_version,"Catalog, source & labels",Platform-owned,Immediate + intermediate,Source fact; provenance; review fact,Source and review required,TRAINING_LAYER_REVIEW,PENDING_RECONCILIATION,,,Do not merge wholesale into private runtime.
TRAINING_141,source_license,"Catalog, source & labels",Platform-owned,Immediate + intermediate,Source fact; provenance; review fact,Source and review required,TRAINING_LAYER_REVIEW,PENDING_RECONCILIATION,,,Do not merge wholesale into private runtime.
TRAINING_141,source_license_evidence,"Catalog, source & labels",Platform-owned,Immediate + intermediate,Source fact; provenance; review fact,Source and review required,TRAINING_LAYER_REVIEW,PENDING_RECONCILIATION,,,Do not merge wholesale into private runtime.
TRAINING_141,exercise,"Catalog, source & labels",Platform-owned,Immediate + intermediate,Source fact; provenance; review fact,Source and review required,TRAINING_LAYER_REVIEW,PENDING_RECONCILIATION,,,Do not merge wholesale into private runtime.
TRAINING_141,exercise_revision,"Catalog, source & labels",Platform-owned,Immediate + intermediate,Source fact; provenance; review fact,Source and review required,TRAINING_LAYER_REVIEW,PENDING_RECONCILIATION,,,Do not merge wholesale into private runtime.
TRAINING_141,exercise_alias,"Catalog, source & labels",Platform-owned,Immediate + intermediate,Source fact; provenance; review fact,Source and review required,TRAINING_LAYER_REVIEW,PENDING_RECONCILIATION,,,Do not merge wholesale into private runtime.
TRAINING_141,exercise_instruction,"Catalog, source & labels",Platform-owned,Immediate + intermediate,Source fact; provenance; review fact,Source and review required,TRAINING_LAYER_REVIEW,PENDING_RECONCILIATION,,,Do not merge wholesale into private runtime.
TRAINING_141,exercise_instruction_step,"Catalog, source & labels",Platform-owned,Immediate + intermediate,Source fact; provenance; review fact,Source and review required,TRAINING_LAYER_REVIEW,PENDING_RECONCILIATION,,,Do not merge wholesale into private runtime.
TRAINING_141,exercise_taxonomy_map,"Catalog, source & labels",Platform-owned,Immediate + intermediate,Source fact; provenance; review fact,Source and review required,TRAINING_LAYER_REVIEW,PENDING_RECONCILIATION,,,Do not merge wholesale into private runtime.
TRAINING_141,exercise_equipment_map,"Catalog, source & labels",Platform-owned,Immediate + intermediate,Source fact; provenance; review fact,Source and review required,TRAINING_LAYER_REVIEW,PENDING_RECONCILIATION,,,Do not merge wholesale into private runtime.
TRAINING_141,exercise_muscle_map,"Catalog, source & labels",Platform-owned,Immediate + intermediate,Source fact; provenance; review fact,Source and review required,TRAINING_LAYER_REVIEW,PENDING_RECONCILIATION,,,Do not merge wholesale into private runtime.
TRAINING_141,exercise_movement_map,"Catalog, source & labels",Platform-owned,Immediate + intermediate,Source fact; provenance; review fact,Source and review required,TRAINING_LAYER_REVIEW,PENDING_RECONCILIATION,,,Do not merge wholesale into private runtime.
TRAINING_141,exercise_environment_map,"Catalog, source & labels",Platform-owned,Immediate + intermediate,Source fact; provenance; review fact,Source and review required,TRAINING_LAYER_REVIEW,PENDING_RECONCILIATION,,,Do not merge wholesale into private runtime.
TRAINING_141,exercise_sport_map,"Catalog, source & labels",Platform-owned,Immediate + intermediate,Source fact; provenance; review fact,Source and review required,TRAINING_LAYER_REVIEW,PENDING_RECONCILIATION,,,Do not merge wholesale into private runtime.
TRAINING_141,exercise_relation,"Catalog, source & labels",Platform-owned,Immediate + intermediate,Source fact; provenance; review fact,Source and review required,TRAINING_LAYER_REVIEW,PENDING_RECONCILIATION,,,Do not merge wholesale into private runtime.
TRAINING_141,catalog_review_state,"Catalog, source & labels",Platform-owned,Immediate + intermediate,Source fact; provenance; review fact,Source and review required,TRAINING_LAYER_REVIEW,PENDING_RECONCILIATION,,,Do not merge wholesale into private runtime.
TRAINING_141,sport,All sports,Platform-owned,Intermediate,Licensed source fact; test-protocol evidence,Source and protocol review required,TRAINING_LAYER_REVIEW,PENDING_RECONCILIATION,,,Do not merge wholesale into private runtime.
TRAINING_141,sport_discipline,All sports,Platform-owned,Intermediate,Licensed source fact; test-protocol evidence,Source and protocol review required,TRAINING_LAYER_REVIEW,PENDING_RECONCILIATION,,,Do not merge wholesale into private runtime.
TRAINING_141,sport_event,All sports,Platform-owned,Intermediate,Licensed source fact; test-protocol evidence,Source and protocol review required,TRAINING_LAYER_REVIEW,PENDING_RECONCILIATION,,,Do not merge wholesale into private runtime.
TRAINING_141,sport_position,All sports,Platform-owned,Intermediate,Licensed source fact; test-protocol evidence,Source and protocol review required,TRAINING_LAYER_REVIEW,PENDING_RECONCILIATION,,,Do not merge wholesale into private runtime.
TRAINING_141,sport_skill,All sports,Platform-owned,Intermediate,Licensed source fact; test-protocol evidence,Source and protocol review required,TRAINING_LAYER_REVIEW,PENDING_RECONCILIATION,,,Do not merge wholesale into private runtime.
TRAINING_141,sport_drill,All sports,Platform-owned,Intermediate,Licensed source fact; test-protocol evidence,Source and protocol review required,TRAINING_LAYER_REVIEW,PENDING_RECONCILIATION,,,Do not merge wholesale into private runtime.
TRAINING_141,sport_drill_revision,All sports,Platform-owned,Intermediate,Licensed source fact; test-protocol evidence,Source and protocol review required,TRAINING_LAYER_REVIEW,PENDING_RECONCILIATION,,,Do not merge wholesale into private runtime.
TRAINING_141,sport_drill_step,All sports,Platform-owned,Intermediate,Licensed source fact; test-protocol evidence,Source and protocol review required,TRAINING_LAYER_REVIEW,PENDING_RECONCILIATION,,,Do not merge wholesale into private runtime.
TRAINING_141,sport_metric_definition,All sports,Platform-owned,Intermediate,Licensed source fact; test-protocol evidence,Source and protocol review required,TRAINING_LAYER_REVIEW,PENDING_RECONCILIATION,,,Do not merge wholesale into private runtime.
TRAINING_141,sport_metric_unit,All sports,Platform-owned,Intermediate,Licensed source fact; test-protocol evidence,Source and protocol review required,TRAINING_LAYER_REVIEW,PENDING_RECONCILIATION,,,Do not merge wholesale into private runtime.
TRAINING_141,sport_test_protocol,All sports,Platform-owned,Intermediate,Licensed source fact; test-protocol evidence,Source and protocol review required,TRAINING_LAYER_REVIEW,PENDING_RECONCILIATION,,,Do not merge wholesale into private runtime.
TRAINING_141,sport_test_step,All sports,Platform-owned,Intermediate,Licensed source fact; test-protocol evidence,Source and protocol review required,TRAINING_LAYER_REVIEW,PENDING_RECONCILIATION,,,Do not merge wholesale into private runtime.
TRAINING_141,sport_equipment_rule,All sports,Platform-owned,Intermediate,Licensed source fact; test-protocol evidence,Source and protocol review required,TRAINING_LAYER_REVIEW,PENDING_RECONCILIATION,,,Do not merge wholesale into private runtime.
TRAINING_141,sport_environment_rule,All sports,Platform-owned,Intermediate,Licensed source fact; test-protocol evidence,Source and protocol review required,TRAINING_LAYER_REVIEW,PENDING_RECONCILIATION,,,Do not merge wholesale into private runtime.
TRAINING_141,sport_season_rule,All sports,Platform-owned,Intermediate,Licensed source fact; test-protocol evidence,Source and protocol review required,TRAINING_LAYER_REVIEW,PENDING_RECONCILIATION,,,Do not merge wholesale into private runtime.
TRAINING_141,sport_taxonomy_map,All sports,Platform-owned,Intermediate,Licensed source fact; test-protocol evidence,Source and protocol review required,TRAINING_LAYER_REVIEW,PENDING_RECONCILIATION,,,Do not merge wholesale into private runtime.
TRAINING_141,anatomy_region,"Anatomy, safety & substitutions",Platform policy,Intermediate + scientific,Scientific evidence; expert policy; unknown,Scientific/expert review required,TRAINING_LAYER_REVIEW,PENDING_RECONCILIATION,,,Do not merge wholesale into private runtime.
TRAINING_141,muscle_group,"Anatomy, safety & substitutions",Platform policy,Intermediate + scientific,Scientific evidence; expert policy; unknown,Scientific/expert review required,TRAINING_LAYER_REVIEW,PENDING_RECONCILIATION,,,Do not merge wholesale into private runtime.
TRAINING_141,muscle,"Anatomy, safety & substitutions",Platform policy,Intermediate + scientific,Scientific evidence; expert policy; unknown,Scientific/expert review required,TRAINING_LAYER_REVIEW,PENDING_RECONCILIATION,,,Do not merge wholesale into private runtime.
TRAINING_141,joint,"Anatomy, safety & substitutions",Platform policy,Intermediate + scientific,Scientific evidence; expert policy; unknown,Scientific/expert review required,TRAINING_LAYER_REVIEW,PENDING_RECONCILIATION,,,Do not merge wholesale into private runtime.
TRAINING_141,movement_pattern,"Anatomy, safety & substitutions",Platform policy,Intermediate + scientific,Scientific evidence; expert policy; unknown,Scientific/expert review required,TRAINING_LAYER_REVIEW,PENDING_RECONCILIATION,,,Do not merge wholesale into private runtime.
TRAINING_141,movement_plane,"Anatomy, safety & substitutions",Platform policy,Intermediate + scientific,Scientific evidence; expert policy; unknown,Scientific/expert review required,TRAINING_LAYER_REVIEW,PENDING_RECONCILIATION,,,Do not merge wholesale into private runtime.
TRAINING_141,movement_constraint,"Anatomy, safety & substitutions",Platform policy,Intermediate + scientific,Scientific evidence; expert policy; unknown,Scientific/expert review required,TRAINING_LAYER_REVIEW,PENDING_RECONCILIATION,,,Do not merge wholesale into private runtime.
TRAINING_141,condition,"Anatomy, safety & substitutions",Platform policy,Intermediate + scientific,Scientific evidence; expert policy; unknown,Scientific/expert review required,TRAINING_LAYER_REVIEW,PENDING_RECONCILIATION,,,Do not merge wholesale into private runtime.
TRAINING_141,contraindication,"Anatomy, safety & substitutions",Platform policy,Intermediate + scientific,Scientific evidence; expert policy; unknown,Scientific/expert review required,TRAINING_LAYER_REVIEW,PENDING_RECONCILIATION,,,Do not merge wholesale into private runtime.
TRAINING_141,condition_exercise_rule,"Anatomy, safety & substitutions",Platform policy,Intermediate + scientific,Scientific evidence; expert policy; unknown,Scientific/expert review required,TRAINING_LAYER_REVIEW,PENDING_RECONCILIATION,,,Do not merge wholesale into private runtime.
TRAINING_141,safety_screen_definition,"Anatomy, safety & substitutions",Platform policy,Intermediate + scientific,Scientific evidence; expert policy; unknown,Scientific/expert review required,TRAINING_LAYER_REVIEW,PENDING_RECONCILIATION,,,Do not merge wholesale into private runtime.
TRAINING_141,safety_screen_rule,"Anatomy, safety & substitutions",Platform policy,Intermediate + scientific,Scientific evidence; expert policy; unknown,Scientific/expert review required,TRAINING_LAYER_REVIEW,PENDING_RECONCILIATION,,,Do not merge wholesale into private runtime.
TRAINING_141,exercise_safety_rule,"Anatomy, safety & substitutions",Platform policy,Intermediate + scientific,Scientific evidence; expert policy; unknown,Scientific/expert review required,TRAINING_LAYER_REVIEW,PENDING_RECONCILIATION,,,Do not merge wholesale into private runtime.
TRAINING_141,progression_rule,"Anatomy, safety & substitutions",Platform policy,Intermediate + scientific,Scientific evidence; expert policy; unknown,Scientific/expert review required,TRAINING_LAYER_REVIEW,PENDING_RECONCILIATION,,,Do not merge wholesale into private runtime.
TRAINING_141,regression_rule,"Anatomy, safety & substitutions",Platform policy,Intermediate + scientific,Scientific evidence; expert policy; unknown,Scientific/expert review required,TRAINING_LAYER_REVIEW,PENDING_RECONCILIATION,,,Do not merge wholesale into private runtime.
TRAINING_141,substitution_group,"Anatomy, safety & substitutions",Platform policy,Intermediate + scientific,Scientific evidence; expert policy; unknown,Scientific/expert review required,TRAINING_LAYER_REVIEW,PENDING_RECONCILIATION,,,Do not merge wholesale into private runtime.
TRAINING_141,substitution_rule,"Anatomy, safety & substitutions",Platform policy,Intermediate + scientific,Scientific evidence; expert policy; unknown,Scientific/expert review required,TRAINING_LAYER_REVIEW,PENDING_RECONCILIATION,,,Do not merge wholesale into private runtime.
TRAINING_141,load_model,"Anatomy, safety & substitutions",Platform policy,Intermediate + scientific,Scientific evidence; expert policy; unknown,Scientific/expert review required,TRAINING_LAYER_REVIEW,PENDING_RECONCILIATION,,,Do not merge wholesale into private runtime.
TRAINING_141,media_asset,Photos & videos,Platform-owned,Immediate + intermediate,"Rights, license, attribution evidence",Rights approval required,TRAINING_LAYER_REVIEW,PENDING_RECONCILIATION,,,Do not merge wholesale into private runtime.
TRAINING_141,media_asset_revision,Photos & videos,Platform-owned,Immediate + intermediate,"Rights, license, attribution evidence",Rights approval required,TRAINING_LAYER_REVIEW,PENDING_RECONCILIATION,,,Do not merge wholesale into private runtime.
TRAINING_141,media_variant,Photos & videos,Platform-owned,Immediate + intermediate,"Rights, license, attribution evidence",Rights approval required,TRAINING_LAYER_REVIEW,PENDING_RECONCILIATION,,,Do not merge wholesale into private runtime.
TRAINING_141,media_license,Photos & videos,Platform-owned,Immediate + intermediate,"Rights, license, attribution evidence",Rights approval required,TRAINING_LAYER_REVIEW,PENDING_RECONCILIATION,,,Do not merge wholesale into private runtime.
TRAINING_141,media_rights_evidence,Photos & videos,Platform-owned,Immediate + intermediate,"Rights, license, attribution evidence",Rights approval required,TRAINING_LAYER_REVIEW,PENDING_RECONCILIATION,,,Do not merge wholesale into private runtime.
TRAINING_141,media_source_link,Photos & videos,Platform-owned,Immediate + intermediate,"Rights, license, attribution evidence",Rights approval required,TRAINING_LAYER_REVIEW,PENDING_RECONCILIATION,,,Do not merge wholesale into private runtime.
TRAINING_141,media_ingestion_job,Photos & videos,Platform-owned,Immediate + intermediate,"Rights, license, attribution evidence",Rights approval required,TRAINING_LAYER_REVIEW,PENDING_RECONCILIATION,,,Do not merge wholesale into private runtime.
TRAINING_141,media_transcode_job,Photos & videos,Platform-owned,Immediate + intermediate,"Rights, license, attribution evidence",Rights approval required,TRAINING_LAYER_REVIEW,PENDING_RECONCILIATION,,,Do not merge wholesale into private runtime.
TRAINING_141,media_quality_review,Photos & videos,Platform-owned,Immediate + intermediate,"Rights, license, attribution evidence",Rights approval required,TRAINING_LAYER_REVIEW,PENDING_RECONCILIATION,,,Do not merge wholesale into private runtime.
TRAINING_141,media_attribution,Photos & videos,Platform-owned,Immediate + intermediate,"Rights, license, attribution evidence",Rights approval required,TRAINING_LAYER_REVIEW,PENDING_RECONCILIATION,,,Do not merge wholesale into private runtime.
TRAINING_141,media_access_policy,Photos & videos,Platform-owned,Immediate + intermediate,"Rights, license, attribution evidence",Rights approval required,TRAINING_LAYER_REVIEW,PENDING_RECONCILIATION,,,Do not merge wholesale into private runtime.
TRAINING_141,media_deletion_request,Photos & videos,Platform-owned,Immediate + intermediate,"Rights, license, attribution evidence",Rights approval required,TRAINING_LAYER_REVIEW,PENDING_RECONCILIATION,,,Do not merge wholesale into private runtime.
TRAINING_141,media_delivery_audit,Photos & videos,Platform-owned,Immediate + intermediate,"Rights, license, attribution evidence",Rights approval required,TRAINING_LAYER_REVIEW,PENDING_RECONCILIATION,,,Do not merge wholesale into private runtime.
TRAINING_141,training_goal,Programs & algorithms,Platform + athlete scoped,Immediate + intermediate,Algorithm policy; controlled validation,Release validation required,TRAINING_LAYER_REVIEW,PENDING_RECONCILIATION,,,Do not merge wholesale into private runtime.
TRAINING_141,program_template,Programs & algorithms,Platform + athlete scoped,Immediate + intermediate,Algorithm policy; controlled validation,Release validation required,TRAINING_LAYER_REVIEW,PENDING_RECONCILIATION,,,Do not merge wholesale into private runtime.
TRAINING_141,template_revision,Programs & algorithms,Platform + athlete scoped,Immediate + intermediate,Algorithm policy; controlled validation,Release validation required,TRAINING_LAYER_REVIEW,PENDING_RECONCILIATION,,,Do not merge wholesale into private runtime.
TRAINING_141,template_block,Programs & algorithms,Platform + athlete scoped,Immediate + intermediate,Algorithm policy; controlled validation,Release validation required,TRAINING_LAYER_REVIEW,PENDING_RECONCILIATION,,,Do not merge wholesale into private runtime.
TRAINING_141,template_session,Programs & algorithms,Platform + athlete scoped,Immediate + intermediate,Algorithm policy; controlled validation,Release validation required,TRAINING_LAYER_REVIEW,PENDING_RECONCILIATION,,,Do not merge wholesale into private runtime.
TRAINING_141,template_session_item,Programs & algorithms,Platform + athlete scoped,Immediate + intermediate,Algorithm policy; controlled validation,Release validation required,TRAINING_LAYER_REVIEW,PENDING_RECONCILIATION,,,Do not merge wholesale into private runtime.
TRAINING_141,workout_plan,Programs & algorithms,Platform + athlete scoped,Immediate + intermediate,Algorithm policy; controlled validation,Release validation required,TRAINING_LAYER_REVIEW,PENDING_RECONCILIATION,,,Do not merge wholesale into private runtime.
TRAINING_141,plan_revision,Programs & algorithms,Platform + athlete scoped,Immediate + intermediate,Algorithm policy; controlled validation,Release validation required,TRAINING_LAYER_REVIEW,PENDING_RECONCILIATION,,,Do not merge wholesale into private runtime.
TRAINING_141,planned_session,Programs & algorithms,Platform + athlete scoped,Immediate + intermediate,Algorithm policy; controlled validation,Release validation required,TRAINING_LAYER_REVIEW,PENDING_RECONCILIATION,,,Do not merge wholesale into private runtime.
TRAINING_141,planned_session_item,Programs & algorithms,Platform + athlete scoped,Immediate + intermediate,Algorithm policy; controlled validation,Release validation required,TRAINING_LAYER_REVIEW,PENDING_RECONCILIATION,,,Do not merge wholesale into private runtime.
TRAINING_141,program_phase,Programs & algorithms,Platform + athlete scoped,Immediate + intermediate,Algorithm policy; controlled validation,Release validation required,TRAINING_LAYER_REVIEW,PENDING_RECONCILIATION,,,Do not merge wholesale into private runtime.
TRAINING_141,progression_policy,Programs & algorithms,Platform + athlete scoped,Immediate + intermediate,Algorithm policy; controlled validation,Release validation required,TRAINING_LAYER_REVIEW,PENDING_RECONCILIATION,,,Do not merge wholesale into private runtime.
TRAINING_141,deload_policy,Programs & algorithms,Platform + athlete scoped,Immediate + intermediate,Algorithm policy; controlled validation,Release validation required,TRAINING_LAYER_REVIEW,PENDING_RECONCILIATION,,,Do not merge wholesale into private runtime.
TRAINING_141,session_requirement,Programs & algorithms,Platform + athlete scoped,Immediate + intermediate,Algorithm policy; controlled validation,Release validation required,TRAINING_LAYER_REVIEW,PENDING_RECONCILIATION,,,Do not merge wholesale into private runtime.
TRAINING_141,algorithm_release,Programs & algorithms,Platform + athlete scoped,Immediate + intermediate,Algorithm policy; controlled validation,Release validation required,TRAINING_LAYER_REVIEW,PENDING_RECONCILIATION,,,Do not merge wholesale into private runtime.
TRAINING_141,algorithm_rule_set,Programs & algorithms,Platform + athlete scoped,Immediate + intermediate,Algorithm policy; controlled validation,Release validation required,TRAINING_LAYER_REVIEW,PENDING_RECONCILIATION,,,Do not merge wholesale into private runtime.
TRAINING_141,algorithm_run,Programs & algorithms,Platform + athlete scoped,Immediate + intermediate,Algorithm policy; controlled validation,Release validation required,TRAINING_LAYER_REVIEW,PENDING_RECONCILIATION,,,Do not merge wholesale into private runtime.
TRAINING_141,algorithm_decision,Programs & algorithms,Platform + athlete scoped,Immediate + intermediate,Algorithm policy; controlled validation,Release validation required,TRAINING_LAYER_REVIEW,PENDING_RECONCILIATION,,,Do not merge wholesale into private runtime.
TRAINING_141,training_account,Athlete performance,Athlete scoped,Immediate,User-performed or device observation,Observational; not scientific truth,TRAINING_LAYER_REVIEW,PENDING_RECONCILIATION,,,Do not merge wholesale into private runtime.
TRAINING_141,athlete_profile,Athlete performance,Athlete scoped,Immediate,User-performed or device observation,Observational; not scientific truth,TRAINING_LAYER_REVIEW,PENDING_RECONCILIATION,,,Do not merge wholesale into private runtime.
TRAINING_141,athlete_sport_profile,Athlete performance,Athlete scoped,Immediate,User-performed or device observation,Observational; not scientific truth,TRAINING_LAYER_REVIEW,PENDING_RECONCILIATION,,,Do not merge wholesale into private runtime.
TRAINING_141,athlete_goal,Athlete performance,Athlete scoped,Immediate,User-performed or device observation,Observational; not scientific truth,TRAINING_LAYER_REVIEW,PENDING_RECONCILIATION,,,Do not merge wholesale into private runtime.
TRAINING_141,athlete_equipment,Athlete performance,Athlete scoped,Immediate,User-performed or device observation,Observational; not scientific truth,TRAINING_LAYER_REVIEW,PENDING_RECONCILIATION,,,Do not merge wholesale into private runtime.
TRAINING_141,athlete_limitation,Athlete performance,Athlete scoped,Immediate,User-performed or device observation,Observational; not scientific truth,TRAINING_LAYER_REVIEW,PENDING_RECONCILIATION,,,Do not merge wholesale into private runtime.
TRAINING_141,athlete_availability,Athlete performance,Athlete scoped,Immediate,User-performed or device observation,Observational; not scientific truth,TRAINING_LAYER_REVIEW,PENDING_RECONCILIATION,,,Do not merge wholesale into private runtime.
TRAINING_141,readiness_checkin,Athlete performance,Athlete scoped,Immediate,User-performed or device observation,Observational; not scientific truth,TRAINING_LAYER_REVIEW,PENDING_RECONCILIATION,,,Do not merge wholesale into private runtime.
TRAINING_141,workout_session,Athlete performance,Athlete scoped,Immediate,User-performed or device observation,Observational; not scientific truth,TRAINING_LAYER_REVIEW,PENDING_RECONCILIATION,,,Do not merge wholesale into private runtime.
TRAINING_141,workout_session_revision,Athlete performance,Athlete scoped,Immediate,User-performed or device observation,Observational; not scientific truth,TRAINING_LAYER_REVIEW,PENDING_RECONCILIATION,,,Do not merge wholesale into private runtime.
TRAINING_141,workout_event,Athlete performance,Athlete scoped,Immediate,User-performed or device observation,Observational; not scientific truth,TRAINING_LAYER_REVIEW,PENDING_RECONCILIATION,,,Do not merge wholesale into private runtime.
TRAINING_141,performed_exercise,Athlete performance,Athlete scoped,Immediate,User-performed or device observation,Observational; not scientific truth,TRAINING_LAYER_REVIEW,PENDING_RECONCILIATION,,,Do not merge wholesale into private runtime.
TRAINING_141,performed_set,Athlete performance,Athlete scoped,Immediate,User-performed or device observation,Observational; not scientific truth,TRAINING_LAYER_REVIEW,PENDING_RECONCILIATION,,,Do not merge wholesale into private runtime.
TRAINING_141,set_metric,Athlete performance,Athlete scoped,Immediate,User-performed or device observation,Observational; not scientific truth,TRAINING_LAYER_REVIEW,PENDING_RECONCILIATION,,,Do not merge wholesale into private runtime.
TRAINING_141,rest_interval,Athlete performance,Athlete scoped,Immediate,User-performed or device observation,Observational; not scientific truth,TRAINING_LAYER_REVIEW,PENDING_RECONCILIATION,,,Do not merge wholesale into private runtime.
TRAINING_141,session_metric,Athlete performance,Athlete scoped,Immediate,User-performed or device observation,Observational; not scientific truth,TRAINING_LAYER_REVIEW,PENDING_RECONCILIATION,,,Do not merge wholesale into private runtime.
TRAINING_141,workout_summary,Athlete performance,Athlete scoped,Immediate,User-performed or device observation,Observational; not scientific truth,TRAINING_LAYER_REVIEW,PENDING_RECONCILIATION,,,Do not merge wholesale into private runtime.
TRAINING_141,personal_record,Athlete performance,Athlete scoped,Immediate,User-performed or device observation,Observational; not scientific truth,TRAINING_LAYER_REVIEW,PENDING_RECONCILIATION,,,Do not merge wholesale into private runtime.
TRAINING_141,sport_activity,Athlete performance,Athlete scoped,Immediate,User-performed or device observation,Observational; not scientific truth,TRAINING_LAYER_REVIEW,PENDING_RECONCILIATION,,,Do not merge wholesale into private runtime.
TRAINING_141,sport_lap_split,Athlete performance,Athlete scoped,Immediate,User-performed or device observation,Observational; not scientific truth,TRAINING_LAYER_REVIEW,PENDING_RECONCILIATION,,,Do not merge wholesale into private runtime.
TRAINING_141,coach_profile,Coach & client collaboration,Relationship scoped,Intermediate,Private coach/client report,Access and audit control required,TRAINING_LAYER_REVIEW,PENDING_RECONCILIATION,,,Do not merge wholesale into private runtime.
TRAINING_141,coach_client_relationship,Coach & client collaboration,Relationship scoped,Intermediate,Private coach/client report,Access and audit control required,TRAINING_LAYER_REVIEW,PENDING_RECONCILIATION,,,Do not merge wholesale into private runtime.
TRAINING_141,coaching_invitation,Coach & client collaboration,Relationship scoped,Intermediate,Private coach/client report,Access and audit control required,TRAINING_LAYER_REVIEW,PENDING_RECONCILIATION,,,Do not merge wholesale into private runtime.
TRAINING_141,coach_note,Coach & client collaboration,Relationship scoped,Intermediate,Private coach/client report,Access and audit control required,TRAINING_LAYER_REVIEW,PENDING_RECONCILIATION,,,Do not merge wholesale into private runtime.
TRAINING_141,coach_note_revision,Coach & client collaboration,Relationship scoped,Intermediate,Private coach/client report,Access and audit control required,TRAINING_LAYER_REVIEW,PENDING_RECONCILIATION,,,Do not merge wholesale into private runtime.
TRAINING_141,comment_thread,Coach & client collaboration,Relationship scoped,Intermediate,Private coach/client report,Access and audit control required,TRAINING_LAYER_REVIEW,PENDING_RECONCILIATION,,,Do not merge wholesale into private runtime.
TRAINING_141,comment,Coach & client collaboration,Relationship scoped,Intermediate,Private coach/client report,Access and audit control required,TRAINING_LAYER_REVIEW,PENDING_RECONCILIATION,,,Do not merge wholesale into private runtime.
TRAINING_141,comment_attachment,Coach & client collaboration,Relationship scoped,Intermediate,Private coach/client report,Access and audit control required,TRAINING_LAYER_REVIEW,PENDING_RECONCILIATION,,,Do not merge wholesale into private runtime.
TRAINING_141,coaching_task,Coach & client collaboration,Relationship scoped,Intermediate,Private coach/client report,Access and audit control required,TRAINING_LAYER_REVIEW,PENDING_RECONCILIATION,,,Do not merge wholesale into private runtime.
TRAINING_141,coaching_task_update,Coach & client collaboration,Relationship scoped,Intermediate,Private coach/client report,Access and audit control required,TRAINING_LAYER_REVIEW,PENDING_RECONCILIATION,,,Do not merge wholesale into private runtime.
TRAINING_141,checkin_request,Coach & client collaboration,Relationship scoped,Intermediate,Private coach/client report,Access and audit control required,TRAINING_LAYER_REVIEW,PENDING_RECONCILIATION,,,Do not merge wholesale into private runtime.
TRAINING_141,progress_review,Coach & client collaboration,Relationship scoped,Intermediate,Private coach/client report,Access and audit control required,TRAINING_LAYER_REVIEW,PENDING_RECONCILIATION,,,Do not merge wholesale into private runtime.
TRAINING_141,message_thread,Coach & client collaboration,Relationship scoped,Intermediate,Private coach/client report,Access and audit control required,TRAINING_LAYER_REVIEW,PENDING_RECONCILIATION,,,Do not merge wholesale into private runtime.
TRAINING_141,message,Coach & client collaboration,Relationship scoped,Intermediate,Private coach/client report,Access and audit control required,TRAINING_LAYER_REVIEW,PENDING_RECONCILIATION,,,Do not merge wholesale into private runtime.
TRAINING_141,message_attachment,Coach & client collaboration,Relationship scoped,Intermediate,Private coach/client report,Access and audit control required,TRAINING_LAYER_REVIEW,PENDING_RECONCILIATION,,,Do not merge wholesale into private runtime.
TRAINING_141,device,"Devices, imports & governance",Platform or athlete scoped,Immediate + intermediate,"Operational, consent, audit, import fact",Audit/review required,TRAINING_LAYER_REVIEW,PENDING_RECONCILIATION,,,Do not merge wholesale into private runtime.
TRAINING_141,device_authorization,"Devices, imports & governance",Platform or athlete scoped,Immediate + intermediate,"Operational, consent, audit, import fact",Audit/review required,TRAINING_LAYER_REVIEW,PENDING_RECONCILIATION,,,Do not merge wholesale into private runtime.
TRAINING_141,device_sync_cursor,"Devices, imports & governance",Platform or athlete scoped,Immediate + intermediate,"Operational, consent, audit, import fact",Audit/review required,TRAINING_LAYER_REVIEW,PENDING_RECONCILIATION,,,Do not merge wholesale into private runtime.
TRAINING_141,health_observation,"Devices, imports & governance",Platform or athlete scoped,Immediate + intermediate,"Operational, consent, audit, import fact",Audit/review required,TRAINING_LAYER_REVIEW,PENDING_RECONCILIATION,,,Do not merge wholesale into private runtime.
TRAINING_141,health_observation_source,"Devices, imports & governance",Platform or athlete scoped,Immediate + intermediate,"Operational, consent, audit, import fact",Audit/review required,TRAINING_LAYER_REVIEW,PENDING_RECONCILIATION,,,Do not merge wholesale into private runtime.
TRAINING_141,body_measurement,"Devices, imports & governance",Platform or athlete scoped,Immediate + intermediate,"Operational, consent, audit, import fact",Audit/review required,TRAINING_LAYER_REVIEW,PENDING_RECONCILIATION,,,Do not merge wholesale into private runtime.
TRAINING_141,fitness_baseline,"Devices, imports & governance",Platform or athlete scoped,Immediate + intermediate,"Operational, consent, audit, import fact",Audit/review required,TRAINING_LAYER_REVIEW,PENDING_RECONCILIATION,,,Do not merge wholesale into private runtime.
TRAINING_141,import_run,"Devices, imports & governance",Platform or athlete scoped,Immediate + intermediate,"Operational, consent, audit, import fact",Audit/review required,TRAINING_LAYER_REVIEW,PENDING_RECONCILIATION,,,Do not merge wholesale into private runtime.
TRAINING_141,import_item,"Devices, imports & governance",Platform or athlete scoped,Immediate + intermediate,"Operational, consent, audit, import fact",Audit/review required,TRAINING_LAYER_REVIEW,PENDING_RECONCILIATION,,,Do not merge wholesale into private runtime.
TRAINING_141,import_error,"Devices, imports & governance",Platform or athlete scoped,Immediate + intermediate,"Operational, consent, audit, import fact",Audit/review required,TRAINING_LAYER_REVIEW,PENDING_RECONCILIATION,,,Do not merge wholesale into private runtime.
TRAINING_141,export_run,"Devices, imports & governance",Platform or athlete scoped,Immediate + intermediate,"Operational, consent, audit, import fact",Audit/review required,TRAINING_LAYER_REVIEW,PENDING_RECONCILIATION,,,Do not merge wholesale into private runtime.
TRAINING_141,export_item,"Devices, imports & governance",Platform or athlete scoped,Immediate + intermediate,"Operational, consent, audit, import fact",Audit/review required,TRAINING_LAYER_REVIEW,PENDING_RECONCILIATION,,,Do not merge wholesale into private runtime.
TRAINING_141,audit_event,"Devices, imports & governance",Platform or athlete scoped,Immediate + intermediate,"Operational, consent, audit, import fact",Audit/review required,TRAINING_LAYER_REVIEW,PENDING_RECONCILIATION,,,Do not merge wholesale into private runtime.
TRAINING_141,access_grant,"Devices, imports & governance",Platform or athlete scoped,Immediate + intermediate,"Operational, consent, audit, import fact",Audit/review required,TRAINING_LAYER_REVIEW,PENDING_RECONCILIATION,,,Do not merge wholesale into private runtime.
TRAINING_141,consent_record,"Devices, imports & governance",Platform or athlete scoped,Immediate + intermediate,"Operational, consent, audit, import fact",Audit/review required,TRAINING_LAYER_REVIEW,PENDING_RECONCILIATION,,,Do not merge wholesale into private runtime.
TRAINING_141,retention_policy,"Devices, imports & governance",Platform or athlete scoped,Immediate + intermediate,"Operational, consent, audit, import fact",Audit/review required,TRAINING_LAYER_REVIEW,PENDING_RECONCILIATION,,,Do not merge wholesale into private runtime.
TRAINING_141,deletion_request,"Devices, imports & governance",Platform or athlete scoped,Immediate + intermediate,"Operational, consent, audit, import fact",Audit/review required,TRAINING_LAYER_REVIEW,PENDING_RECONCILIATION,,,Do not merge wholesale into private runtime.
TRAINING_141,review_queue,"Devices, imports & governance",Platform or athlete scoped,Immediate + intermediate,"Operational, consent, audit, import fact",Audit/review required,TRAINING_LAYER_REVIEW,PENDING_RECONCILIATION,,,Do not merge wholesale into private runtime.
TRAINING_141,review_decision,"Devices, imports & governance",Platform or athlete scoped,Immediate + intermediate,"Operational, consent, audit, import fact",Audit/review required,TRAINING_LAYER_REVIEW,PENDING_RECONCILIATION,,,Do not merge wholesale into private runtime.
TRAINING_141,notification,"Devices, imports & governance",Platform or athlete scoped,Immediate + intermediate,"Operational, consent, audit, import fact",Audit/review required,TRAINING_LAYER_REVIEW,PENDING_RECONCILIATION,,,Do not merge wholesale into private runtime.
TRAINING_141,notification_delivery,"Devices, imports & governance",Platform or athlete scoped,Immediate + intermediate,"Operational, consent, audit, import fact",Audit/review required,TRAINING_LAYER_REVIEW,PENDING_RECONCILIATION,,,Do not merge wholesale into private runtime.
