path,blob_sha,size_bytes,category
.gitignore,8b88a72145ebfc7e7ca9834477fd89d02b8bd73b,88,OTHER
ANIMATION_CATALOG.md,7cc21cd8f2355b44f9de9773de1bd31ab504a290,1576,DOC
app/build.gradle.kts,1331c2b041cf736dfd9a6ee1b7a4b3692e474418,1261,OTHER
app/proguard-rules.pro,e69de29bb2d1d6434b8b29ae775ad8c2e48c5391,0,OTHER
app/src/main/AndroidManifest.xml,ebd95a0b2237d25fd70fd9f00fcee160014515d0,549,OTHER
app/src/main/java/com/movefuel/mufil2/MainActivity.kt,36e5f4ffee7bc9d386d1b2f4270ad609f3c844d9,489,KOTLIN_OTHER
app/src/main/java/com/movefuel/mufil2/ui/components/MFBlocks.kt,43b551403564a4d525448f68a2e13fc770841aa1,9951,UI_COMPONENT
app/src/main/java/com/movefuel/mufil2/ui/components/MFBottomNav.kt,273b9c2ecf73b2de4da6e360511734bf7ddca3e2,2618,UI_COMPONENT
app/src/main/java/com/movefuel/mufil2/ui/components/MFButton.kt,fd2b8b7f6a20794cc7330351a67eddd2d5930eb4,2021,UI_COMPONENT
app/src/main/java/com/movefuel/mufil2/ui/components/MFCard.kt,d1f40935179f06e7b1d88d8138db7f773953ddbd,1923,UI_COMPONENT
app/src/main/java/com/movefuel/mufil2/ui/components/MFMasterScaffold.kt,b55db78339ff26db48ea25a54b1e351b7c15d66e,2145,UI_COMPONENT
app/src/main/java/com/movefuel/mufil2/ui/components/MFMediaLoading.kt,3da484efa4957b14774075d3c68c425feee4f1ab,2620,UI_COMPONENT
app/src/main/java/com/movefuel/mufil2/ui/components/MFMetricRing.kt,445c55c05c750520d4dfff087bc291f323fd544c,2290,UI_COMPONENT
app/src/main/java/com/movefuel/mufil2/ui/components/MFPremiumBackground.kt,0988813de504b876f1a249f39ccab155183933dc,1296,UI_COMPONENT
app/src/main/java/com/movefuel/mufil2/ui/components/MFPremiumDashboardBlocks.kt,ee917ac4e55812ace2c30640357c3cedfa15614f,6993,UI_COMPONENT
app/src/main/java/com/movefuel/mufil2/ui/components/MFScreenFrame.kt,c4e6771310fe4a8e060bfd7be1333a0d7bc718c0,2535,UI_COMPONENT
app/src/main/java/com/movefuel/mufil2/ui/components/MFSkeleton.kt,27e0b2eb3b366a76d9b9cf32c111a00fe6879e71,1766,UI_COMPONENT
app/src/main/java/com/movefuel/mufil2/ui/components/MFTopBar.kt,402fb6f17e931fed6e32e95274a1331a60680cdd,1708,UI_COMPONENT
app/src/main/java/com/movefuel/mufil2/ui/components/MFTrendGraph.kt,30341ccecf248d30e0a2a83e9ea9f01b2a62affb,2390,UI_COMPONENT
app/src/main/java/com/movefuel/mufil2/ui/design/MoveFuelColors.kt,fe87f43e990ad96dd7ed5d5f029277a29d5538bf,776,UI_DESIGN
app/src/main/java/com/movefuel/mufil2/ui/design/MoveFuelMotion.kt,b0837484e9c45d0deb919c000045b62c4a01c136,847,UI_DESIGN
app/src/main/java/com/movefuel/mufil2/ui/design/MoveFuelRadius.kt,ba66667321ec4656fe98d5d7e13e7f0ec0254db8,167,UI_DESIGN
app/src/main/java/com/movefuel/mufil2/ui/design/MoveFuelSpacing.kt,e229c92a3665d375c6ec19093ec4c1b245f0811d,216,UI_DESIGN
app/src/main/java/com/movefuel/mufil2/ui/design/MoveFuelTheme.kt,aa34082bb14d540dcb8314975508354598341234,901,UI_DESIGN
app/src/main/java/com/movefuel/mufil2/ui/design/MoveFuelTypography.kt,de08ce9c4d6ccbe2afaaf7db6bd2b99137568958,842,UI_DESIGN
app/src/main/java/com/movefuel/mufil2/ui/dev/MotionLab.kt,e9fd64759180478d850d3b67859d5417cdbce7b0,1602,KOTLIN_OTHER
app/src/main/java/com/movefuel/mufil2/ui/master/FuelMasterDashboard.kt,922571e4e82ef5457a3db8fedd680f22e8365d67,3244,UI_MASTER_DASHBOARD
app/src/main/java/com/movefuel/mufil2/ui/master/ProgressMasterDashboard.kt,93f1606ad10a11029936a74fba8192c6f1a1a225,2318,UI_MASTER_DASHBOARD
app/src/main/java/com/movefuel/mufil2/ui/master/TodayMasterDashboard.kt,89bf9d5e8e93e827c49c121273646e3eaba3f023,3584,UI_MASTER_DASHBOARD
app/src/main/java/com/movefuel/mufil2/ui/master/TrainMasterDashboard.kt,aacaab93bebf1b84adba40548a706989f70ceb75,2566,UI_MASTER_DASHBOARD
app/src/main/java/com/movefuel/mufil2/ui/MoveFuelApp.kt,1e3c0164d461819754e3aa0bf88c0527e36ccc96,309,KOTLIN_OTHER
app/src/main/java/com/movefuel/mufil2/ui/navigation/MoveFuelNavGraph.kt,7bfe11fa7a8fe7b9cbe61effe33619b368b392fe,37873,UI_NAVIGATION
app/src/main/java/com/movefuel/mufil2/ui/navigation/MoveFuelRoute.kt,53bc5f8ddfa43e240cd7fdb1ab0eb85452230379,9854,UI_NAVIGATION
app/src/main/java/com/movefuel/mufil2/ui/screens/auth/AUTH_001_SecureRestore.kt,e169d4e40573cd1a7d72a705c2f2fb5569e0d873,1205,UI_DOMAIN_SCREEN
app/src/main/java/com/movefuel/mufil2/ui/screens/auth/AUTH_002_SignIn.kt,e334470c728feaef0068b6a5a92b255ece4ee58c,1213,UI_DOMAIN_SCREEN
app/src/main/java/com/movefuel/mufil2/ui/screens/auth/AUTH_003_CreateAccount.kt,73f3cc8f307a8ce842bf20ded999081a4725d38d,1262,UI_DOMAIN_SCREEN
app/src/main/java/com/movefuel/mufil2/ui/screens/auth/AUTH_004_VerifyEmail.kt,c999f685de87018bd7cee40d5d99215b1b754585,1161,UI_DOMAIN_SCREEN
app/src/main/java/com/movefuel/mufil2/ui/screens/auth/AUTH_005_ResendVerification.kt,b2d076456dbe1da00bf147b26854bafd19ba5662,1189,UI_DOMAIN_SCREEN
app/src/main/java/com/movefuel/mufil2/ui/screens/auth/AUTH_006_VerificationSuccess.kt,5d50b502fd58d1c1783201e993543b09308137b6,1165,UI_DOMAIN_SCREEN
app/src/main/java/com/movefuel/mufil2/ui/screens/auth/AUTH_007_VerificationExpired.kt,dbc48f9da393851fdb33d28340830225a5baa6ca,1165,UI_DOMAIN_SCREEN
app/src/main/java/com/movefuel/mufil2/ui/screens/auth/AUTH_008_ForgotPassword.kt,87c1c33e5d079b17cb0aab08a790b9b159438ed7,1153,UI_DOMAIN_SCREEN
app/src/main/java/com/movefuel/mufil2/ui/screens/auth/AUTH_009_ResetPassword.kt,93c3e1531364b5fc670a0845a00103a295aad94d,1149,UI_DOMAIN_SCREEN
app/src/main/java/com/movefuel/mufil2/ui/screens/auth/AUTH_010_PasswordResetSuccess.kt,bb6759570047ab430fc8135de1599a1af9b6ff8e,1178,UI_DOMAIN_SCREEN
app/src/main/java/com/movefuel/mufil2/ui/screens/auth/AUTH_011_OfflineAccountState.kt,4d7c133008c0766bc270f62db2def9936100c0a0,1167,UI_DOMAIN_SCREEN
app/src/main/java/com/movefuel/mufil2/ui/screens/auth/AUTH_012_SessionExpired.kt,911b1606a6ffee158b651b7ce718b45cc8ec9d58,1139,UI_DOMAIN_SCREEN
app/src/main/java/com/movefuel/mufil2/ui/screens/bar/BAR_001_BarcodeScanner.kt,8f84dbbf346d946075f3bcaa17ebfb30f84514ce,1127,UI_DOMAIN_SCREEN
app/src/main/java/com/movefuel/mufil2/ui/screens/bar/BAR_002_Scanning.kt,abde8a3f0f6f2f11a47924596e6326b6cc3eb594,1101,UI_DOMAIN_SCREEN
app/src/main/java/com/movefuel/mufil2/ui/screens/bar/BAR_003_BarcodeDetected.kt,449ebde984e74a36f33d84a7bc29c5145e34a66a,1109,UI_DOMAIN_SCREEN
app/src/main/java/com/movefuel/mufil2/ui/screens/bar/BAR_004_ProductLookup.kt,fc218e150da748311cce28b1b4b366c7607b8e3c,1127,UI_DOMAIN_SCREEN
app/src/main/java/com/movefuel/mufil2/ui/screens/bar/BAR_005_ProductFound.kt,17b4cf626662d22a15d3a54ddadb7efcf40cece7,1168,UI_DOMAIN_SCREEN
app/src/main/java/com/movefuel/mufil2/ui/screens/bar/BAR_006_ServingSelector.kt,901b60277ce4b873adf95963771e71e74e4799d9,1091,UI_DOMAIN_SCREEN
app/src/main/java/com/movefuel/mufil2/ui/screens/bar/BAR_007_ExpandedNutrition.kt,2985b6187e78af88fe3db31ac7ed4eb11eebe898,1188,UI_DOMAIN_SCREEN
app/src/main/java/com/movefuel/mufil2/ui/screens/bar/BAR_008_IngredientsAndAllergens.kt,e5bb8b8e8b4193e6a0452b4329f73c58122fa26d,1265,UI_DOMAIN_SCREEN
app/src/main/java/com/movefuel/mufil2/ui/screens/bar/BAR_009_AddToMeal.kt,b3ffddf7dd6033ba4b4154720580a2b9df62525a,1086,UI_DOMAIN_SCREEN
app/src/main/java/com/movefuel/mufil2/ui/screens/bar/BAR_010_MealSelector.kt,f905cd46838918070fd722ff6c068f1334f89469,1146,UI_DOMAIN_SCREEN
app/src/main/java/com/movefuel/mufil2/ui/screens/bar/BAR_011_ConfirmProduct.kt,8e5c83df0b1516ce45f616e64cd0e40637a2d513,1105,UI_DOMAIN_SCREEN
app/src/main/java/com/movefuel/mufil2/ui/screens/bar/BAR_012_AddToShop.kt,94ddce2a87b3db023671f6bea8a439817ab706f5,1086,UI_DOMAIN_SCREEN
app/src/main/java/com/movefuel/mufil2/ui/screens/bar/BAR_013_ProductNotFound.kt,cf2e0cfb6fc4c51725984cb9f7a002e677e3a95d,1181,UI_DOMAIN_SCREEN
app/src/main/java/com/movefuel/mufil2/ui/screens/bar/BAR_014_NutritionLabelCamera.kt,3dc6d52f108e202c3f1c9df7620e0aedc79eebd6,1152,UI_DOMAIN_SCREEN
app/src/main/java/com/movefuel/mufil2/ui/screens/bar/BAR_015_LabelReview.kt,a13381e32e058cc7b1fea01c1e6e6bb352848113,1093,UI_DOMAIN_SCREEN
app/src/main/java/com/movefuel/mufil2/ui/screens/bar/BAR_016_CustomProduct.kt,e2f7f1ef4acd897a6152687c583d360e2d6776a8,1203,UI_DOMAIN_SCREEN
app/src/main/java/com/movefuel/mufil2/ui/screens/bil/BIL_001_BillingDashboard.kt,5b50c69abf3ac47edaf03afd333d53b14a772281,1235,UI_DOMAIN_SCREEN
app/src/main/java/com/movefuel/mufil2/ui/screens/bil/BIL_002_CurrentPlan.kt,bb35645de4c6ea2113535c8ed30f8821327b465b,1215,UI_DOMAIN_SCREEN
app/src/main/java/com/movefuel/mufil2/ui/screens/bil/BIL_003_ComparePlans.kt,47def04c7462f0c06ed103cc403171f9c6701d62,1298,UI_DOMAIN_SCREEN
app/src/main/java/com/movefuel/mufil2/ui/screens/bil/BIL_004_PlanDetail.kt,acab6ddcbc4102d557b402ce6303dd2c6b568548,1230,UI_DOMAIN_SCREEN
app/src/main/java/com/movefuel/mufil2/ui/screens/bil/BIL_005_PurchaseConfirmation.kt,6659025b9ea2f46f7209515bc90624498bb18ad5,1194,UI_DOMAIN_SCREEN
app/src/main/java/com/movefuel/mufil2/ui/screens/bil/BIL_006_PurchaseProcessing.kt,909d4602ec5538283df47483b258763cdef04d81,1142,UI_DOMAIN_SCREEN
app/src/main/java/com/movefuel/mufil2/ui/screens/bil/BIL_007_PurchaseResult.kt,ecb0c1392b99a87ea20997119652eeb96dd163f1,1181,UI_DOMAIN_SCREEN
app/src/main/java/com/movefuel/mufil2/ui/screens/bil/BIL_008_RestorePurchase.kt,f3dd8a4f974848821f732ca33aae4dbe4e9845dd,1202,UI_DOMAIN_SCREEN
app/src/main/java/com/movefuel/mufil2/ui/screens/cal/CAL_001_CalendarDashboard.kt,26b79bd65925af172c9e2dfc5e7c5e89c5ba0fef,1197,UI_DOMAIN_SCREEN
app/src/main/java/com/movefuel/mufil2/ui/screens/cal/CAL_002_MonthView.kt,1266740042ad55e1367d5a21cd28a0387ab5dcd2,1165,UI_DOMAIN_SCREEN
app/src/main/java/com/movefuel/mufil2/ui/screens/cal/CAL_003_WeekView.kt,1514b25c5a699d0ba8ab42fb0d18c8e33ccb6fb7,1177,UI_DOMAIN_SCREEN
app/src/main/java/com/movefuel/mufil2/ui/screens/cal/CAL_004_DayView.kt,57e9dea8d05222c958c290d47f2644fe2c2f8b5a,1260,UI_DOMAIN_SCREEN
app/src/main/java/com/movefuel/mufil2/ui/screens/cal/CAL_005_SelectedDate.kt,3a016f11b73f1549384dcd987b0587a63ea5f911,1280,UI_DOMAIN_SCREEN
app/src/main/java/com/movefuel/mufil2/ui/screens/cal/CAL_006_WorkoutEvent.kt,663bd64bbf32f3f2992e22ebaa671001e1dc3487,1122,UI_DOMAIN_SCREEN
app/src/main/java/com/movefuel/mufil2/ui/screens/cal/CAL_007_MealEvent.kt,29ace47e3d5da45fb8dc652515ea680523842a56,1108,UI_DOMAIN_SCREEN
app/src/main/java/com/movefuel/mufil2/ui/screens/cal/CAL_008_RecoveryEvent.kt,3a9cc5b70259b7428b9d699767d94a88ca51b942,1088,UI_DOMAIN_SCREEN
app/src/main/java/com/movefuel/mufil2/ui/screens/cal/CAL_009_RescheduleEvent.kt,c71632cd2b21e20953acdedfac7d19d94bfe9e72,1157,UI_DOMAIN_SCREEN
app/src/main/java/com/movefuel/mufil2/ui/screens/cal/CAL_010_ChooseDate.kt,d6de3107d730cd99d46af0df68384046a67a4325,1137,UI_DOMAIN_SCREEN
app/src/main/java/com/movefuel/mufil2/ui/screens/cal/CAL_011_ChooseTime.kt,48e5328d6a91e84d8e6abe33b97172c37f24aa0d,1159,UI_DOMAIN_SCREEN
app/src/main/java/com/movefuel/mufil2/ui/screens/cal/CAL_012_CalendarConflict.kt,1189fe2f1ec7407a68d833bc327fb36cb135e1fd,1257,UI_DOMAIN_SCREEN
app/src/main/java/com/movefuel/mufil2/ui/screens/cal/CAL_013_ConflictExplanation.kt,ba8e483ce00ce923770e736755c9652ae4929d93,1269,UI_DOMAIN_SCREEN
app/src/main/java/com/movefuel/mufil2/ui/screens/cal/CAL_014_SuggestedAlternatives.kt,aecc678356e26f8beaed4cfbb220f48caf23f55a,1175,UI_DOMAIN_SCREEN
app/src/main/java/com/movefuel/mufil2/ui/screens/cal/CAL_015_ConfirmReschedule.kt,76e1fd2ed660b8c81f0fe71780e72372349bca1b,1165,UI_DOMAIN_SCREEN
app/src/main/java/com/movefuel/mufil2/ui/screens/cal/CAL_016_MissedWorkout.kt,ceb9e27e61e3dd941e395daf6bfcd66c966ffb89,1278,UI_DOMAIN_SCREEN
app/src/main/java/com/movefuel/mufil2/ui/screens/cal/CAL_017_MissedMeal.kt,23aec115aef43e8889c8ec2e104e5ee429061dfe,1263,UI_DOMAIN_SCREEN
app/src/main/java/com/movefuel/mufil2/ui/screens/cal/CAL_018_CalendarOffline.kt,350427228d8ab01ca2489bc946a5fd8592dfd485,1191,UI_DOMAIN_SCREEN
app/src/main/java/com/movefuel/mufil2/ui/screens/cam/CAM_001_FoodCamera.kt,cac7ae8b65b4f03fb260854c8189a61e865ecdc6,1156,UI_DOMAIN_SCREEN
app/src/main/java/com/movefuel/mufil2/ui/screens/cam/CAM_002_CameraPermission.kt,48902f841fd41c81752208dfdd5623a72a8997af,1155,UI_DOMAIN_SCREEN
app/src/main/java/com/movefuel/mufil2/ui/screens/cam/CAM_003_FoodFraming.kt,bca93b9d602ca3afb0a2930e6f0318757edc501f,1160,UI_DOMAIN_SCREEN
app/src/main/java/com/movefuel/mufil2/ui/screens/cam/CAM_004_GalleryPicker.kt,19d8fbf77c849ceed7a6d53eeb20c939cd205972,1319,UI_DOMAIN_SCREEN
app/src/main/java/com/movefuel/mufil2/ui/screens/cam/CAM_005_ImagePreview.kt,f24529cf674b065dbd8c8f2f23208e43dfc7f5e5,1336,UI_DOMAIN_SCREEN
app/src/main/java/com/movefuel/mufil2/ui/screens/cam/CAM_006_CheckingImage.kt,17067983b676f4de7348022b0b485802e71ecf13,1254,UI_DOMAIN_SCREEN
app/src/main/java/com/movefuel/mufil2/ui/screens/cam/CAM_007_DetectingFoods.kt,f09be0c82164489a5e715f16345b243f29a18d54,1258,UI_DOMAIN_SCREEN
app/src/main/java/com/movefuel/mufil2/ui/screens/cam/CAM_008_MultiFoodDetection.kt,0c783f787b70abf0febe205055c1d704db0daf3b,1189,UI_DOMAIN_SCREEN
app/src/main/java/com/movefuel/mufil2/ui/screens/cam/CAM_009_EstimatingPortions.kt,caa4721f95ed6628472835f4bb057a03831d2cee,1274,UI_DOMAIN_SCREEN
app/src/main/java/com/movefuel/mufil2/ui/screens/cam/CAM_010_NutritionMatching.kt,bdbd4b9075178262f788a6aa4c1d9d40ffad2c8c,1270,UI_DOMAIN_SCREEN
app/src/main/java/com/movefuel/mufil2/ui/screens/cam/CAM_011_DetectedFoodReview.kt,de6a9146400e91498f19815509c42db31b5c119a,1361,UI_DOMAIN_SCREEN
app/src/main/java/com/movefuel/mufil2/ui/screens/cam/CAM_012_EditFoodIdentity.kt,132dcdc3822a6fdc96a84b76739a84a8133047c2,1168,UI_DOMAIN_SCREEN
app/src/main/java/com/movefuel/mufil2/ui/screens/cam/CAM_013_EditPortion.kt,d7aa5288d525a5bd58a56705d6454c45a526adf5,1060,UI_DOMAIN_SCREEN
app/src/main/java/com/movefuel/mufil2/ui/screens/cam/CAM_014_AddMissedFood.kt,57ccc4073c266309b2294f7eb9d4027e8516c705,1156,UI_DOMAIN_SCREEN
app/src/main/java/com/movefuel/mufil2/ui/screens/cam/CAM_015_LowConfidenceClarification.kt,182d5bc27bc2c950e187a62953f62970f81dca35,1312,UI_DOMAIN_SCREEN
app/src/main/java/com/movefuel/mufil2/ui/screens/cam/CAM_016_NutritionUnavailable.kt,750376bb96af7464a4bac0341977c3860a59acba,1187,UI_DOMAIN_SCREEN
app/src/main/java/com/movefuel/mufil2/ui/screens/cam/CAM_017_FinalMealReview.kt,fd4daadfccda776272f8f045bbfd94fb46ec1d3f,1349,UI_DOMAIN_SCREEN
app/src/main/java/com/movefuel/mufil2/ui/screens/cam/CAM_018_AnalysisFailure.kt,99baf55e686a02603a005a68f45dafc46469f00d,1167,UI_DOMAIN_SCREEN
app/src/main/java/com/movefuel/mufil2/ui/screens/dev/DEV_001_DevicesDashboard.kt,54f6eb66522148d0aaf410eb03e1421ffaed360e,1317,UI_DOMAIN_SCREEN
app/src/main/java/com/movefuel/mufil2/ui/screens/dev/DEV_002_ConnectWearOS.kt,f7534ab633d3b396fccdd6812383aca5cc204444,1183,UI_DOMAIN_SCREEN
app/src/main/java/com/movefuel/mufil2/ui/screens/dev/DEV_003_DeviceDiscovery.kt,cc59bc93ba64f1894f02ddd1195efa0009013a4f,1194,UI_DOMAIN_SCREEN
app/src/main/java/com/movefuel/mufil2/ui/screens/dev/DEV_004_DeviceFound.kt,a0746c83cf69dfcaf95ae9e66a3a6cc454a31349,1164,UI_DOMAIN_SCREEN
app/src/main/java/com/movefuel/mufil2/ui/screens/dev/DEV_005_Pairing.kt,90f788ffcaf222860c67ed2d57061a0ccb819447,1083,UI_DOMAIN_SCREEN
app/src/main/java/com/movefuel/mufil2/ui/screens/dev/DEV_006_ConnectedDevice.kt,384a623bfb0a27def372c6c14e71904b49c5d5e8,1261,UI_DOMAIN_SCREEN
app/src/main/java/com/movefuel/mufil2/ui/screens/dev/DEV_007_DeviceDetail.kt,d41509d669b7dea279b30e456665964cc67d00e5,1249,UI_DOMAIN_SCREEN
app/src/main/java/com/movefuel/mufil2/ui/screens/dev/DEV_008_DevicePermissions.kt,61fd06a07edb69cb6a158195e378ebf3f6e5609c,1256,UI_DOMAIN_SCREEN
app/src/main/java/com/movefuel/mufil2/ui/screens/dev/DEV_009_ManualSync.kt,90f58248fe83b1bad1de335ffac36e565b627f21,1212,UI_DOMAIN_SCREEN
app/src/main/java/com/movefuel/mufil2/ui/screens/dev/DEV_010_StaleDevice.kt,a17a24d789caf37cb7d5c1bdb6c6e60cea066f06,1140,UI_DOMAIN_SCREEN
app/src/main/java/com/movefuel/mufil2/ui/screens/dev/DEV_011_ReconnectDevice.kt,fe08a516ffbbffb1b84076aa9f488cb0b63e78f9,1116,UI_DOMAIN_SCREEN
app/src/main/java/com/movefuel/mufil2/ui/screens/dev/DEV_012_DisconnectDevice.kt,d8e890551ba023784d4cf5c9b5e2d17c2d48979f,1200,UI_DOMAIN_SCREEN
app/src/main/java/com/movefuel/mufil2/ui/screens/exr/EXR_001_ExerciseLibrary.kt,f5e1ff6b0856e983a7b035bda6ca3f18f658b87c,1268,UI_DOMAIN_SCREEN
app/src/main/java/com/movefuel/mufil2/ui/screens/exr/EXR_002_ExerciseSearch.kt,55bbebf9b6b8a8ec9e506ca671593298e63d1066,1218,UI_DOMAIN_SCREEN
app/src/main/java/com/movefuel/mufil2/ui/screens/exr/EXR_003_ExerciseFilters.kt,b9b503f330d1acf9a92c238c5e71b63a6d36bfbc,1225,UI_DOMAIN_SCREEN
app/src/main/java/com/movefuel/mufil2/ui/screens/exr/EXR_004_FilterEquipment.kt,e946d7c7e4140e234cbf76b620603009ed692a8b,1207,UI_DOMAIN_SCREEN
app/src/main/java/com/movefuel/mufil2/ui/screens/exr/EXR_005_FilterMovement.kt,1c2df61a1b8821362f668e94f98aec50c1a559ab,1176,UI_DOMAIN_SCREEN
app/src/main/java/com/movefuel/mufil2/ui/screens/exr/EXR_006_FilterMuscle.kt,61571c42db6b50aa7844e244ea26ac360d21c7cc,1172,UI_DOMAIN_SCREEN
app/src/main/java/com/movefuel/mufil2/ui/screens/exr/EXR_007_FilterEnvironment.kt,4ccd48ec62b5f3050524f93c196781a86e2e046e,1156,UI_DOMAIN_SCREEN
app/src/main/java/com/movefuel/mufil2/ui/screens/exr/EXR_008_FilterDifficulty.kt,d9699cc6dd95475a51743416f53051b6543a7f3f,1165,UI_DOMAIN_SCREEN
app/src/main/java/com/movefuel/mufil2/ui/screens/exr/EXR_009_ExerciseResults.kt,19acd82d345096a25b84501407e121c2cc3b39ce,1268,UI_DOMAIN_SCREEN
app/src/main/java/com/movefuel/mufil2/ui/screens/exr/EXR_010_ExerciseDetail.kt,22515ae8493d9a4c4590288e85fdc54ac46012ff,1190,UI_DOMAIN_SCREEN
app/src/main/java/com/movefuel/mufil2/ui/screens/exr/EXR_011_ExerciseMedia.kt,350bd0ab9038fa8458309d0d1900f04ff09f3612,1190,UI_DOMAIN_SCREEN
app/src/main/java/com/movefuel/mufil2/ui/screens/exr/EXR_012_ExerciseSetup.kt,1f1855b02dc47fdd75609672d5ed3b0b3ae4e59a,1210,UI_DOMAIN_SCREEN
app/src/main/java/com/movefuel/mufil2/ui/screens/exr/EXR_013_ExerciseExecution.kt,1e4d64334dda1368b0c82c866f7142e33196e035,1236,UI_DOMAIN_SCREEN
app/src/main/java/com/movefuel/mufil2/ui/screens/exr/EXR_014_TechniqueCues.kt,c560c8659c317a137217cbcd69f0a80825f0d561,1156,UI_DOMAIN_SCREEN
app/src/main/java/com/movefuel/mufil2/ui/screens/exr/EXR_015_CommonMistakes.kt,24bbb089b0d164b406be267abf1e34b3857349d8,1213,UI_DOMAIN_SCREEN
app/src/main/java/com/movefuel/mufil2/ui/screens/exr/EXR_016_ExerciseSubstitutions.kt,57d08c1b77cce809fee96bf7f71cf901d93c8185,1266,UI_DOMAIN_SCREEN
app/src/main/java/com/movefuel/mufil2/ui/screens/fno/FNO_001_FuelNowDashboard.kt,47bae35bccf44d307b137dc4412a9fb53243c54b,1343,UI_DOMAIN_SCREEN
app/src/main/java/com/movefuel/mufil2/ui/screens/fno/FNO_002_SelectedDate.kt,d01a317a4e6aebf1bc4c041314d12d4e0af81d0f,1110,UI_DOMAIN_SCREEN
app/src/main/java/com/movefuel/mufil2/ui/screens/fno/FNO_003_NutritionSummary.kt,7af811eac80de1146012ac926f2e2e41295fc3b9,1342,UI_DOMAIN_SCREEN
app/src/main/java/com/movefuel/mufil2/ui/screens/fno/FNO_004_ExpandedNutrition.kt,6564b3168351c40d230120e000c536a454f7b627,1139,UI_DOMAIN_SCREEN
app/src/main/java/com/movefuel/mufil2/ui/screens/fno/FNO_005_MealGroups.kt,efa28e94c70e8f54b3ecb46a6387c39cbd0f09e3,1197,UI_DOMAIN_SCREEN
app/src/main/java/com/movefuel/mufil2/ui/screens/fno/FNO_006_MealDetail.kt,1c0bc983378f1d166df7a59291e113e14a9cf5e3,1158,UI_DOMAIN_SCREEN
app/src/main/java/com/movefuel/mufil2/ui/screens/fno/FNO_007_EditMeal.kt,109fb6fbc6a5e01a12a2b2b63a059aee85bc8579,1143,UI_DOMAIN_SCREEN
app/src/main/java/com/movefuel/mufil2/ui/screens/fno/FNO_008_DeleteMealConfirmation.kt,ebe9e038cec36c3e61e7fa22aabf16b62208280b,1188,UI_DOMAIN_SCREEN
app/src/main/java/com/movefuel/mufil2/ui/screens/fno/FNO_009_AddFoodMenu.kt,7028a2c46d82da3595c43f99fc9bf8cb5cafeeff,1178,UI_DOMAIN_SCREEN
app/src/main/java/com/movefuel/mufil2/ui/screens/fno/FNO_010_FoodSearch.kt,8e6e5627aac5d2996b221fdece36049c76671bae,1176,UI_DOMAIN_SCREEN
app/src/main/java/com/movefuel/mufil2/ui/screens/fno/FNO_011_FoodDetail.kt,bc4daa792e7eba90570e2adc0766d59f33e2ff35,1158,UI_DOMAIN_SCREEN
app/src/main/java/com/movefuel/mufil2/ui/screens/fno/FNO_012_ServingSelector.kt,b6417a9cd9dbe1b483a8e8f44091ee4bdc752159,1070,UI_DOMAIN_SCREEN
app/src/main/java/com/movefuel/mufil2/ui/screens/fno/FNO_013_RecentFoods.kt,77c1345c8df5f5faeab5b6083d50cb5926d90c15,1201,UI_DOMAIN_SCREEN
app/src/main/java/com/movefuel/mufil2/ui/screens/fno/FNO_014_FrequentFoods.kt,586e726b24a0a227e9fb9c62a4b5f18421a3bfb0,1209,UI_DOMAIN_SCREEN
app/src/main/java/com/movefuel/mufil2/ui/screens/fno/FNO_015_Favorites.kt,a962d77925dcaf931613a604ee8e9ef9c83b1576,1192,UI_DOMAIN_SCREEN
app/src/main/java/com/movefuel/mufil2/ui/screens/fno/FNO_016_SavedMeals.kt,62432415ffb6763a838fb8e018a7e13f4df60fa0,1197,UI_DOMAIN_SCREEN
app/src/main/java/com/movefuel/mufil2/ui/screens/fno/FNO_017_FuelEmpty.kt,f727879dae4d628dfd47c7eafb4f967448aa05dd,1135,UI_DOMAIN_SCREEN
app/src/main/java/com/movefuel/mufil2/ui/screens/fno/FNO_018_FuelOffline.kt,78ba6e146b4be5435a53837cd1c2143e519d65f7,1145,UI_DOMAIN_SCREEN
app/src/main/java/com/movefuel/mufil2/ui/screens/fpl/FPL_001_FuelPlanDashboard.kt,591fb6503d19d970f10fa32e4a28e018e2fd83b5,1212,UI_DOMAIN_SCREEN
app/src/main/java/com/movefuel/mufil2/ui/screens/fpl/FPL_002_PlanDayView.kt,9e11726ad0d676421e763506bc6933ea822564af,1188,UI_DOMAIN_SCREEN
app/src/main/java/com/movefuel/mufil2/ui/screens/fpl/FPL_003_PlanWeekView.kt,92beb2bd976918c08be980d9c539eb62162475b6,1192,UI_DOMAIN_SCREEN
app/src/main/java/com/movefuel/mufil2/ui/screens/fpl/FPL_004_PlanMonthView.kt,53cd484e1f91491368ae623bf513ce19248fd658,1196,UI_DOMAIN_SCREEN
app/src/main/java/com/movefuel/mufil2/ui/screens/fpl/FPL_005_PlanPreferences.kt,34f72663a5171bd57f9a2bc8d84ef98ae602b0cc,1269,UI_DOMAIN_SCREEN
app/src/main/java/com/movefuel/mufil2/ui/screens/fpl/FPL_006_DietPreferences.kt,cc6f5f38ca352087ae96a9a80d31570ade6c5128,1269,UI_DOMAIN_SCREEN
app/src/main/java/com/movefuel/mufil2/ui/screens/fpl/FPL_007_AllergyRules.kt,c770bdb6ed380177b5e54a1de840da2d04323662,1257,UI_DOMAIN_SCREEN
app/src/main/java/com/movefuel/mufil2/ui/screens/fpl/FPL_008_CuisinePreferences.kt,77ec44b48549a7d7a6f121daf82f7f0ea09b62fb,1281,UI_DOMAIN_SCREEN
app/src/main/java/com/movefuel/mufil2/ui/screens/fpl/FPL_009_CookingPreferences.kt,19cc643510e4f77abf0951d836b3d2e99738b64b,1281,UI_DOMAIN_SCREEN
app/src/main/java/com/movefuel/mufil2/ui/screens/fpl/FPL_010_BudgetPreferences.kt,1ae7fc2a2aff4718d42586705c4d106ee4df0cea,1277,UI_DOMAIN_SCREEN
app/src/main/java/com/movefuel/mufil2/ui/screens/fpl/FPL_011_PantryContext.kt,861a47ca1bb72d87176b4cf12712bd14cd26104f,1261,UI_DOMAIN_SCREEN
app/src/main/java/com/movefuel/mufil2/ui/screens/fpl/FPL_012_TrainingContext.kt,53a9a10e209f8580a18a6a2da8135bbbab027612,1269,UI_DOMAIN_SCREEN
app/src/main/java/com/movefuel/mufil2/ui/screens/fpl/FPL_013_PlanSetupReview.kt,99d409323c9fa235a84212764003cf090451182c,1228,UI_DOMAIN_SCREEN
app/src/main/java/com/movefuel/mufil2/ui/screens/fpl/FPL_014_GeneratingMealPlan.kt,24890365d4f50c65f517d95499676a744f5da973,1196,UI_DOMAIN_SCREEN
app/src/main/java/com/movefuel/mufil2/ui/screens/fpl/FPL_015_WeeklyProposal.kt,9f005a9628ae105a0fc16532eb53b6a13e4f0d30,1211,UI_DOMAIN_SCREEN
app/src/main/java/com/movefuel/mufil2/ui/screens/fpl/FPL_016_DayProposal.kt,f0319e779eaf0067c1ba49aa04f9b55aa7268b51,1199,UI_DOMAIN_SCREEN
app/src/main/java/com/movefuel/mufil2/ui/screens/fpl/FPL_017_PlannedMealDetail.kt,2769d28f5ab71fbd77a44989ee1d0806897088b6,1203,UI_DOMAIN_SCREEN
app/src/main/java/com/movefuel/mufil2/ui/screens/fpl/FPL_018_SwapMeal.kt,19da4f77200dde1e16879700e8ca4584569bac11,1193,UI_DOMAIN_SCREEN
app/src/main/java/com/movefuel/mufil2/ui/screens/fpl/FPL_019_MealAlternatives.kt,4d681726444a09b72cca71dfd44153ff0ac1631c,1225,UI_DOMAIN_SCREEN
app/src/main/java/com/movefuel/mufil2/ui/screens/fpl/FPL_020_ServingChange.kt,b027e93c32c9ea80866f8b0f83223e8fc6928f4e,1080,UI_DOMAIN_SCREEN
app/src/main/java/com/movefuel/mufil2/ui/screens/fpl/FPL_021_MoveMeal.kt,76cb4e36bca700378bb073cbf2381a79a3abb5a2,1074,UI_DOMAIN_SCREEN
app/src/main/java/com/movefuel/mufil2/ui/screens/fpl/FPL_022_PlanConflict.kt,9334095e26c5cb5f196a69b8d8ff324116615ab1,1157,UI_DOMAIN_SCREEN
app/src/main/java/com/movefuel/mufil2/ui/screens/fpl/FPL_023_ConfirmPlan.kt,b949665dee6ea4afa3c692801faa960901898391,1211,UI_DOMAIN_SCREEN
app/src/main/java/com/movefuel/mufil2/ui/screens/fpl/FPL_024_PlanRevisionHistory.kt,e76b4afa5f2dc6195e0309d35878ff82381069f2,1175,UI_DOMAIN_SCREEN
app/src/main/java/com/movefuel/mufil2/ui/screens/fsh/FSH_001_ShopDashboard.kt,262dffe27506d1723d62da26c9832a9234453c9f,1267,UI_DOMAIN_SCREEN
app/src/main/java/com/movefuel/mufil2/ui/screens/fsh/FSH_002_ShoppingList.kt,ae86b48eefa31dd555d9b340726ba4d360e95c0c,1263,UI_DOMAIN_SCREEN
app/src/main/java/com/movefuel/mufil2/ui/screens/fsh/FSH_003_ShoppingItemDetail.kt,cce48071349783e3df5fbe4ad6436d3efe526f04,1164,UI_DOMAIN_SCREEN
app/src/main/java/com/movefuel/mufil2/ui/screens/fsh/FSH_004_EditShoppingItem.kt,d1fe7cac605f6e6a2621e66ada253f6782da20f6,1156,UI_DOMAIN_SCREEN
app/src/main/java/com/movefuel/mufil2/ui/screens/fsh/FSH_005_MarkPurchased.kt,fd4c2d81f6fc3c91fe014f78df287401fdbc6ffe,1187,UI_DOMAIN_SCREEN
app/src/main/java/com/movefuel/mufil2/ui/screens/fsh/FSH_006_UndoPurchased.kt,6d39d41f6ad7ea53b787322610177050f66a0edb,1187,UI_DOMAIN_SCREEN
app/src/main/java/com/movefuel/mufil2/ui/screens/fsh/FSH_007_AddShoppingItem.kt,627cf874f0ad1de3ee272818f55b15ed73dd4cea,1127,UI_DOMAIN_SCREEN
app/src/main/java/com/movefuel/mufil2/ui/screens/fsh/FSH_008_SearchGrocery.kt,f78955a915b28d3cf246dc38f09bfa328d5acb14,1175,UI_DOMAIN_SCREEN
app/src/main/java/com/movefuel/mufil2/ui/screens/fsh/FSH_009_ManualGroceryItem.kt,5929c2ebc18b1d122340f96e12fe04b82a98306a,1135,UI_DOMAIN_SCREEN
app/src/main/java/com/movefuel/mufil2/ui/screens/fsh/FSH_010_ScanGroceryBarcode.kt,3e50a93fe485117a42ae2ad2c44304f2d8d9b78d,1215,UI_DOMAIN_SCREEN
app/src/main/java/com/movefuel/mufil2/ui/screens/fsh/FSH_011_PlanRequirements.kt,c3593e131d51169fdee8891061c845094577e16b,1219,UI_DOMAIN_SCREEN
app/src/main/java/com/movefuel/mufil2/ui/screens/fsh/FSH_012_ConsolidatedIngredients.kt,077a6797c4b183388cf555c11a8577928577f011,1247,UI_DOMAIN_SCREEN
app/src/main/java/com/movefuel/mufil2/ui/screens/fsh/FSH_013_RecipeIngredients.kt,f32c3ac8912a48b30caed4603294c0e20404d172,1223,UI_DOMAIN_SCREEN
app/src/main/java/com/movefuel/mufil2/ui/screens/fsh/FSH_014_Pantry.kt,7ac3d5a359f308013fabaf1b0370acabd318fbbf,1169,UI_DOMAIN_SCREEN
app/src/main/java/com/movefuel/mufil2/ui/screens/fsh/FSH_015_ShoppingEmpty.kt,6a5fc92a05e64e85fa9e4fbc1973100973f432ca,1138,UI_DOMAIN_SCREEN
app/src/main/java/com/movefuel/mufil2/ui/screens/fsh/FSH_016_ShoppingOffline.kt,012bb4461913ff96282f1b73bd2b9b7c39f67e01,1148,UI_DOMAIN_SCREEN
app/src/main/java/com/movefuel/mufil2/ui/screens/onb/ONB_001_Welcome.kt,9b2fa6f785ed091267b5ad79e9816a3280a5145d,1281,UI_DOMAIN_SCREEN
app/src/main/java/com/movefuel/mufil2/ui/screens/onb/ONB_002_SetupChoice.kt,a1c13d90efd8a9e04d9a8c1444bf1752316e9355,1163,UI_DOMAIN_SCREEN
app/src/main/java/com/movefuel/mufil2/ui/screens/onb/ONB_003_Name.kt,277107da3db4d458aa1ce3e6ec7bdf59475ded87,1025,UI_DOMAIN_SCREEN
app/src/main/java/com/movefuel/mufil2/ui/screens/onb/ONB_004_DateOfBirth.kt,6d176b10565d47c215fae95c0776be8cf438d551,1111,UI_DOMAIN_SCREEN
app/src/main/java/com/movefuel/mufil2/ui/screens/onb/ONB_005_CountryLanguageTimezone.kt,54bf6d801eef616c90133044a01e81c5fdef7502,1211,UI_DOMAIN_SCREEN
app/src/main/java/com/movefuel/mufil2/ui/screens/onb/ONB_006_Units.kt,e07a65de156a62786faa0ac6341a04df245b1e67,1105,UI_DOMAIN_SCREEN
app/src/main/java/com/movefuel/mufil2/ui/screens/onb/ONB_007_Height.kt,b53641a5819229513219f6440229470df7b64b80,1032,UI_DOMAIN_SCREEN
app/src/main/java/com/movefuel/mufil2/ui/screens/onb/ONB_008_CurrentWeight.kt,4bf9542d8238309b2c26bf3f4ba6dfa4c0b29315,1104,UI_DOMAIN_SCREEN
app/src/main/java/com/movefuel/mufil2/ui/screens/onb/ONB_009_EnergyEstimationSetting.kt,d09c78b49e3d96cbdffbbdca992b322de5c159eb,1373,UI_DOMAIN_SCREEN
app/src/main/java/com/movefuel/mufil2/ui/screens/onb/ONB_010_DailyActivity.kt,478dd531d52a79fff36453d337b8492b6c26666f,1236,UI_DOMAIN_SCREEN
app/src/main/java/com/movefuel/mufil2/ui/screens/onb/ONB_011_OptionalBodyComposition.kt,a231490306a2dd6c99110e96f0a82fbdf7a195c6,1142,UI_DOMAIN_SCREEN
app/src/main/java/com/movefuel/mufil2/ui/screens/onb/ONB_012_PrimaryGoal.kt,a77719a8ceaabce02b2bf64b3bde5b6ad5f8228b,1282,UI_DOMAIN_SCREEN
app/src/main/java/com/movefuel/mufil2/ui/screens/onb/ONB_013_TargetContext.kt,8673d482496469c56ea49720a4234ded607f08ab,1327,UI_DOMAIN_SCREEN
app/src/main/java/com/movefuel/mufil2/ui/screens/onb/ONB_014_TrainingFrequency.kt,f5408c2ca5fe696e6a90101be07386aaf5c3e0c6,1088,UI_DOMAIN_SCREEN
app/src/main/java/com/movefuel/mufil2/ui/screens/onb/ONB_015_SessionDuration.kt,f3d00785d89d518171bab5c897c51945b8f5c0ad,1213,UI_DOMAIN_SCREEN
app/src/main/java/com/movefuel/mufil2/ui/screens/onb/ONB_016_DietaryPreferences.kt,92416fa6d97d853b59fd8df5e6bd24449f615abc,1230,UI_DOMAIN_SCREEN
app/src/main/java/com/movefuel/mufil2/ui/screens/onb/ONB_017_AllergiesAndExclusions.kt,6974ccf6ed26e739719374dc23f592717b4e0d02,1244,UI_DOMAIN_SCREEN
app/src/main/java/com/movefuel/mufil2/ui/screens/onb/ONB_018_TargetReviewAndFinish.kt,e74a8e85e118220864f0771c54095c76d261953d,1179,UI_DOMAIN_SCREEN
app/src/main/java/com/movefuel/mufil2/ui/screens/prg/PRG_001_ProgressDashboard.kt,3b01d1c722bafae05681a46f1d837ff8fa737b36,1290,UI_DOMAIN_SCREEN
app/src/main/java/com/movefuel/mufil2/ui/screens/prg/PRG_002_MetricSelector.kt,a5975e900bf7d44179ec24115e79a1495d6dde28,1205,UI_DOMAIN_SCREEN
app/src/main/java/com/movefuel/mufil2/ui/screens/prg/PRG_003_Range7Days.kt,a6d763303ebfd25c5386f3ed601d2f2489962e0b,1158,UI_DOMAIN_SCREEN
app/src/main/java/com/movefuel/mufil2/ui/screens/prg/PRG_004_Range30Days.kt,2bca750576dd23234a47b7a065198cdb142aeab0,1181,UI_DOMAIN_SCREEN
app/src/main/java/com/movefuel/mufil2/ui/screens/prg/PRG_005_Range3Months.kt,2b55f98737a24e953711b4346d55d583f9403c42,1150,UI_DOMAIN_SCREEN
app/src/main/java/com/movefuel/mufil2/ui/screens/prg/PRG_006_Range6Months.kt,af04dbdca9d9cb38b68aea1bce7b35f86278df0a,1091,UI_DOMAIN_SCREEN
app/src/main/java/com/movefuel/mufil2/ui/screens/prg/PRG_007_Range1Year.kt,b15d2a45343a627590032902963b539f673e354b,1101,UI_DOMAIN_SCREEN
app/src/main/java/com/movefuel/mufil2/ui/screens/prg/PRG_008_RangeAll.kt,85c6b2a277e17f61347bc670cc1cd161973ec9b3,1074,UI_DOMAIN_SCREEN
app/src/main/java/com/movefuel/mufil2/ui/screens/prg/PRG_009_ExpandedGraph.kt,9d15d1f543a90fa9bf64e7cabc873cafde130a09,1156,UI_DOMAIN_SCREEN
app/src/main/java/com/movefuel/mufil2/ui/screens/prg/PRG_010_ExactDataPoint.kt,053e65800c17a5b50dfaa559fb49ee2e28ed9f69,1174,UI_DOMAIN_SCREEN
app/src/main/java/com/movefuel/mufil2/ui/screens/prg/PRG_011_MissingDataPeriod.kt,c94efd092d21c3d72be450453e5ddceb65fae841,1148,UI_DOMAIN_SCREEN
app/src/main/java/com/movefuel/mufil2/ui/screens/prg/PRG_012_DataCoverage.kt,34fe67ce9082ae20c9d65ad511b3a4259937a85a,1214,UI_DOMAIN_SCREEN
app/src/main/java/com/movefuel/mufil2/ui/screens/prg/PRG_013_GoalProgress.kt,c5cd3012a7ae1ca9446932d04bacef77a7d8406e,1205,UI_DOMAIN_SCREEN
app/src/main/java/com/movefuel/mufil2/ui/screens/prg/PRG_014_TargetRevisionMarker.kt,2c28ea02ac4c89c49af6d227099c614c6358157f,1203,UI_DOMAIN_SCREEN
app/src/main/java/com/movefuel/mufil2/ui/screens/prg/PRG_015_MilestoneDetail.kt,ecef898e3193d6ad5072b322b54ba665d07b7f16,1184,UI_DOMAIN_SCREEN
app/src/main/java/com/movefuel/mufil2/ui/screens/prg/PRG_016_PersonalRecords.kt,d1fea2fa4fb586698edf961e200ea6bc89c9ed1d,1151,UI_DOMAIN_SCREEN
app/src/main/java/com/movefuel/mufil2/ui/screens/prg/PRG_017_TrainingProgress.kt,89176662ef77bda68c83cab7b28b4bcd6e61df87,1215,UI_DOMAIN_SCREEN
app/src/main/java/com/movefuel/mufil2/ui/screens/prg/PRG_018_StrengthProgress.kt,bdcdd8c75b68a379cafe866f2bc767fb38140b99,1215,UI_DOMAIN_SCREEN
app/src/main/java/com/movefuel/mufil2/ui/screens/prg/PRG_019_TrainingVolume.kt,e0a8a71d574b341cac2e6c2f08d9eb035865dd43,1205,UI_DOMAIN_SCREEN
app/src/main/java/com/movefuel/mufil2/ui/screens/prg/PRG_020_WorkoutConsistency.kt,4a3ab7c8e39053fcb1e24d6ee932d508f4fd2072,1225,UI_DOMAIN_SCREEN
app/src/main/java/com/movefuel/mufil2/ui/screens/prg/PRG_021_WorkoutDuration.kt,e4fdc714a7bbdd8f45e60c1d563097e88a6c4cc5,1210,UI_DOMAIN_SCREEN
app/src/main/java/com/movefuel/mufil2/ui/screens/prg/PRG_022_NutritionProgress.kt,2e812df23224ccd78773fa5aff79efe61a8b11ce,1305,UI_DOMAIN_SCREEN
app/src/main/java/com/movefuel/mufil2/ui/screens/prg/PRG_023_NutritionAverages.kt,d33e7a318d65aa80f4863f5efdca5b7e6f4d621e,1305,UI_DOMAIN_SCREEN
app/src/main/java/com/movefuel/mufil2/ui/screens/prg/PRG_024_ProteinTrend.kt,38318d418de63368e80617ebb91b9811be7b04b6,1280,UI_DOMAIN_SCREEN
app/src/main/java/com/movefuel/mufil2/ui/screens/prg/PRG_025_FiberTrend.kt,cb218b84750e959de8a647553f2059003518d75a,1270,UI_DOMAIN_SCREEN
app/src/main/java/com/movefuel/mufil2/ui/screens/prg/PRG_026_ActivityProgress.kt,8d8d9a77738af78a67500a9c18a7fde854b50fd4,1208,UI_DOMAIN_SCREEN
app/src/main/java/com/movefuel/mufil2/ui/screens/prg/PRG_027_RunningProgress.kt,7b2a78ab024fca9b4eb5b902225f7691d22998b8,1203,UI_DOMAIN_SCREEN
app/src/main/java/com/movefuel/mufil2/ui/screens/prg/PRG_028_SwimmingProgress.kt,b16f3e8bc052d11ddf74d4b123b3bd008bf6200d,1208,UI_DOMAIN_SCREEN
app/src/main/java/com/movefuel/mufil2/ui/screens/prg/PRG_029_WeeklyReport.kt,041f1db194feb83deec2e84f1f9fc2bd43c4737a,1292,UI_DOMAIN_SCREEN
app/src/main/java/com/movefuel/mufil2/ui/screens/prg/PRG_030_MonthlyReport.kt,b5f880a396fc96916e94a1e4f0c6f21b76dc9dcb,1160,UI_DOMAIN_SCREEN
app/src/main/java/com/movefuel/mufil2/ui/screens/pro/PRO_001_ProfileDashboard.kt,bfe1106fde026131e6046c4654ed3115426678af,1372,UI_DOMAIN_SCREEN
app/src/main/java/com/movefuel/mufil2/ui/screens/pro/PRO_002_PersonalDetails.kt,e4f8c9ea67748ec9d92ab83bf3f918893edbca4f,1198,UI_DOMAIN_SCREEN
app/src/main/java/com/movefuel/mufil2/ui/screens/pro/PRO_003_TargetsAndGoals.kt,6649bcea9451c63d566c52d4c6362fae1f071096,1264,UI_DOMAIN_SCREEN
app/src/main/java/com/movefuel/mufil2/ui/screens/pro/PRO_004_EditTarget.kt,46d8166bc336b5559fa46c91a9e59fbb41d3a6ec,1104,UI_DOMAIN_SCREEN
app/src/main/java/com/movefuel/mufil2/ui/screens/pro/PRO_005_TargetPreview.kt,2651cac5e2e307a2f9bfc2503326a8aea4a74bab,1239,UI_DOMAIN_SCREEN
app/src/main/java/com/movefuel/mufil2/ui/screens/pro/PRO_006_TargetRevisionHistory.kt,6e44f30b842de80d65761c924d46b7f6d7ec04e1,1193,UI_DOMAIN_SCREEN
app/src/main/java/com/movefuel/mufil2/ui/screens/pro/PRO_007_Units.kt,03f35284b95163d26e9cc29fc2f5b8b0436e8835,1103,UI_DOMAIN_SCREEN
app/src/main/java/com/movefuel/mufil2/ui/screens/pro/PRO_008_LanguageAndRegion.kt,aedad9065cc9c13ec635bd1fa2a38481483c00a6,1163,UI_DOMAIN_SCREEN
app/src/main/java/com/movefuel/mufil2/ui/screens/pro/PRO_009_Appearance.kt,f7a0f54da8a88970aa6b750cd723a99745f85f0b,1121,UI_DOMAIN_SCREEN
app/src/main/java/com/movefuel/mufil2/ui/screens/pro/PRO_010_SoundAndHaptics.kt,e17d7125a2c15e1779ee77ee298790a148a1ff24,1178,UI_DOMAIN_SCREEN
app/src/main/java/com/movefuel/mufil2/ui/screens/pro/PRO_011_Notifications.kt,12c161d4f8331de3e0f3a504af2a0a74240a05e8,1271,UI_DOMAIN_SCREEN
app/src/main/java/com/movefuel/mufil2/ui/screens/pro/PRO_012_PrivacyAndData.kt,b917e45ef40c90594edcab28de49a37fdfe117ac,1243,UI_DOMAIN_SCREEN
app/src/main/java/com/movefuel/mufil2/ui/screens/pro/PRO_013_ExportData.kt,773ba9be61296bdcc38c117794a1c88a2fd58ee2,1215,UI_DOMAIN_SCREEN
app/src/main/java/com/movefuel/mufil2/ui/screens/pro/PRO_014_DeleteAccount.kt,7549dcdc68de589fba126a61dd3b102911ac13a8,1217,UI_DOMAIN_SCREEN
app/src/main/java/com/movefuel/mufil2/ui/screens/pro/PRO_015_TermsAndPrivacy.kt,910f7a8b3ac0f04de5df49b25b2dc63d67e520c9,1165,UI_DOMAIN_SCREEN
app/src/main/java/com/movefuel/mufil2/ui/screens/pro/PRO_016_HelpCenter.kt,602158ffa9e41063d460cc7994b1d6ce3397143a,1250,UI_DOMAIN_SCREEN
app/src/main/java/com/movefuel/mufil2/ui/screens/pro/PRO_017_FinishPersonalization.kt,1a940fca512220d317e74e79d3584335a34f6838,1267,UI_DOMAIN_SCREEN
app/src/main/java/com/movefuel/mufil2/ui/screens/pro/PRO_018_ProfileOffline.kt,5a0b9d406f4756b3440a3741e637d06829be56c5,1159,UI_DOMAIN_SCREEN
app/src/main/java/com/movefuel/mufil2/ui/screens/rcp/RCP_001_RecipesDashboard.kt,0e0f1f23405ea50cf2a0606e6668aea39794dc29,1219,UI_DOMAIN_SCREEN
app/src/main/java/com/movefuel/mufil2/ui/screens/rcp/RCP_002_SavedRecipes.kt,2a1ca028f7c15798f2ba717918219a24457ef791,1203,UI_DOMAIN_SCREEN
app/src/main/java/com/movefuel/mufil2/ui/screens/rcp/RCP_003_RecipeSearch.kt,f9db492704a6342df551948db3373883a4f78b02,1188,UI_DOMAIN_SCREEN
app/src/main/java/com/movefuel/mufil2/ui/screens/rcp/RCP_004_RecipeResults.kt,0e9a504558676a7c47f6ab49cfc1db0ba14dd3fd,1207,UI_DOMAIN_SCREEN
app/src/main/java/com/movefuel/mufil2/ui/screens/rcp/RCP_005_RecipeDetail.kt,5bec7a550dd1b6d2897f8a6b507ac54c440af80d,1167,UI_DOMAIN_SCREEN
app/src/main/java/com/movefuel/mufil2/ui/screens/rcp/RCP_006_RecipeNutrition.kt,78f2d3e0054bc184d9a333cda2683098a471b186,1137,UI_DOMAIN_SCREEN
app/src/main/java/com/movefuel/mufil2/ui/screens/rcp/RCP_007_RecipeIngredients.kt,5e653e82648369ba5690c70daf39f9b5e7c8d141,1186,UI_DOMAIN_SCREEN
app/src/main/java/com/movefuel/mufil2/ui/screens/rcp/RCP_008_CookingMode.kt,241bd3fea8bff0328f3fd3f2f96bdd3a4b903d64,1152,UI_DOMAIN_SCREEN
app/src/main/java/com/movefuel/mufil2/ui/screens/rcp/RCP_009_CookingTimer.kt,ce96f19cc20c62522e4be915be4c2ee8902ebcd0,1160,UI_DOMAIN_SCREEN
app/src/main/java/com/movefuel/mufil2/ui/screens/rcp/RCP_010_ServingAdjust.kt,3b545b701101d7e1c0cee76a85410c5965d5ae0e,1182,UI_DOMAIN_SCREEN
app/src/main/java/com/movefuel/mufil2/ui/screens/rcp/RCP_011_IngredientSubstitution.kt,a213dfae33925d9c138ccfa5540acddd72df82f1,1221,UI_DOMAIN_SCREEN
app/src/main/java/com/movefuel/mufil2/ui/screens/rcp/RCP_012_AddRecipeToPlan.kt,af4835e28b2e74f511c305987e041f8088549b72,1136,UI_DOMAIN_SCREEN
app/src/main/java/com/movefuel/mufil2/ui/screens/rcp/RCP_013_AddRecipeToShop.kt,57a000dd1d2fc234f919b09a7288d517224470c8,1161,UI_DOMAIN_SCREEN
app/src/main/java/com/movefuel/mufil2/ui/screens/rcp/RCP_014_LogRecipeAsMeal.kt,bce8912fd5acc0399686335febb4162212b01b76,1157,UI_DOMAIN_SCREEN
app/src/main/java/com/movefuel/mufil2/ui/screens/rcp/RCP_015_CreateRecipe.kt,d425a8a0f6717c2fba1462a16c832d33bc48985e,1130,UI_DOMAIN_SCREEN
app/src/main/java/com/movefuel/mufil2/ui/screens/rcp/RCP_016_CreateRecipeMetadata.kt,70c9b6de3b40b69918e3b5e5eb4252b556fac4fe,1163,UI_DOMAIN_SCREEN
app/src/main/java/com/movefuel/mufil2/ui/screens/rcp/RCP_017_CreateRecipeIngredients.kt,75917623267bd8503f46b4421217cfcd59561ff7,1211,UI_DOMAIN_SCREEN
app/src/main/java/com/movefuel/mufil2/ui/screens/rcp/RCP_018_CreateRecipeSteps.kt,560db0c638a16e76ca0099ea542d09c7e8e6b263,1177,UI_DOMAIN_SCREEN
app/src/main/java/com/movefuel/mufil2/ui/screens/rcp/RCP_019_CreateRecipeReview.kt,30fd8b01c7ebf20f1104bcc9ad75a6001d8d7bf2,1192,UI_DOMAIN_SCREEN
app/src/main/java/com/movefuel/mufil2/ui/screens/rcp/RCP_020_ImportSourceChoice.kt,db7e8fba3d1a40a068262aa7dc991f6d537ad0b2,1216,UI_DOMAIN_SCREEN
app/src/main/java/com/movefuel/mufil2/ui/screens/rcp/RCP_021_YouTubeImport.kt,d2c6235d9978c83001df1550f63b4d3dcb9b698f,1187,UI_DOMAIN_SCREEN
app/src/main/java/com/movefuel/mufil2/ui/screens/rcp/RCP_022_WebImport.kt,b729bab8af8642cbe4018a76993d55cb5c5f9a5b,1156,UI_DOMAIN_SCREEN
app/src/main/java/com/movefuel/mufil2/ui/screens/rcp/RCP_023_TextImport.kt,81fae4998a51f20b1e4a329fe71fcebfe6f90744,1077,UI_DOMAIN_SCREEN
app/src/main/java/com/movefuel/mufil2/ui/screens/rcp/RCP_024_ValidateImportSource.kt,096cb7071164efac1828224a49c1ba26c34e09e7,1307,UI_DOMAIN_SCREEN
app/src/main/java/com/movefuel/mufil2/ui/screens/rcp/RCP_025_ImportQueued.kt,6d3075be6ead928ccb03c129178284906b50d1e1,1274,UI_DOMAIN_SCREEN
app/src/main/java/com/movefuel/mufil2/ui/screens/rcp/RCP_026_ReadingSource.kt,26b29143068fadbc6158a5a6e1189e6260d3490e,1278,UI_DOMAIN_SCREEN
app/src/main/java/com/movefuel/mufil2/ui/screens/rcp/RCP_027_ExtractingRecipeEvidence.kt,30f7be4febed6d7986acc5b34115ee5f303f86ed,1323,UI_DOMAIN_SCREEN
app/src/main/java/com/movefuel/mufil2/ui/screens/rcp/RCP_028_NormalizingIngredients.kt,eb5f38659bbc11df4be51cd7ad6b9ba708fb3280,1314,UI_DOMAIN_SCREEN
app/src/main/java/com/movefuel/mufil2/ui/screens/rcp/RCP_029_MatchingTrustedFoods.kt,76b96db0a59c70a3075e47e638af85ba4eeeed06,1307,UI_DOMAIN_SCREEN
app/src/main/java/com/movefuel/mufil2/ui/screens/rcp/RCP_030_CheckingNutritionEligibility.kt,30939a96ee919a01a28965247cece086a660fd5d,1339,UI_DOMAIN_SCREEN
app/src/main/java/com/movefuel/mufil2/ui/screens/rcp/RCP_031_ImportNeedsReview.kt,37780d65400a5ae2ec3133131a6f894e64cf252e,1184,UI_DOMAIN_SCREEN
app/src/main/java/com/movefuel/mufil2/ui/screens/rcp/RCP_032_UnresolvedIngredient.kt,12b2af26e8a7da9607743bed0207bbf8179772d2,1195,UI_DOMAIN_SCREEN
app/src/main/java/com/movefuel/mufil2/ui/screens/rcp/RCP_033_MissingQuantity.kt,9959077ea9dcd35ef399ed177c0bacc8e2d0fd56,1175,UI_DOMAIN_SCREEN
app/src/main/java/com/movefuel/mufil2/ui/screens/rcp/RCP_034_MissingServings.kt,2f49be01065a38eb8b7aacd6f110049523e7b4f8,1175,UI_DOMAIN_SCREEN
app/src/main/java/com/movefuel/mufil2/ui/screens/rcp/RCP_035_RecipeImportConfirmation.kt,df4c4c468dbbeba86317b905dbbc18b100fa6528,1235,UI_DOMAIN_SCREEN
app/src/main/java/com/movefuel/mufil2/ui/screens/rcp/RCP_036_RecipeImportFailure.kt,30c4897354efab8043f507471c88b364f251b52c,1158,UI_DOMAIN_SCREEN
app/src/main/java/com/movefuel/mufil2/ui/screens/rdy/RDY_001_ReadinessCheckIn.kt,f5d56f9b5c70810ee187e3079ef95e8bab9b4bc5,1205,UI_DOMAIN_SCREEN
app/src/main/java/com/movefuel/mufil2/ui/screens/rdy/RDY_002_EnergyCheck.kt,8a437caedc10a23e795940339c166e20838f95d5,1129,UI_DOMAIN_SCREEN
app/src/main/java/com/movefuel/mufil2/ui/screens/rdy/RDY_003_FatigueCheck.kt,4f9872b1f1bc167901278694f552753a9e3074a5,1133,UI_DOMAIN_SCREEN
app/src/main/java/com/movefuel/mufil2/ui/screens/rdy/RDY_004_RecoverySleepCheck.kt,d93254bc49cad55f972d187af16a30a93f01fa24,1158,UI_DOMAIN_SCREEN
app/src/main/java/com/movefuel/mufil2/ui/screens/rdy/RDY_005_SorenessCheck.kt,1d31e2e29a31598fac8026d7ff9699512159848d,1137,UI_DOMAIN_SCREEN
app/src/main/java/com/movefuel/mufil2/ui/screens/rdy/RDY_006_EvaluatingReadiness.kt,7dc45ecc982c0b9333e36a7c60ec84037dcc7186,1184,UI_DOMAIN_SCREEN
app/src/main/java/com/movefuel/mufil2/ui/screens/rdy/RDY_007_ReadinessFull.kt,33021dac4cce6a0f7e0144fc2b587d69def287d7,1119,UI_DOMAIN_SCREEN
app/src/main/java/com/movefuel/mufil2/ui/screens/rdy/RDY_008_ReadinessReduced.kt,da5a4555166d428a15a1fe2f52b8686e53eb572d,1131,UI_DOMAIN_SCREEN
app/src/main/java/com/movefuel/mufil2/ui/screens/rdy/RDY_009_ReadinessRecovery.kt,b2d301cd7152eee00d827c3ec9481af53b7725ef,1151,UI_DOMAIN_SCREEN
app/src/main/java/com/movefuel/mufil2/ui/screens/rdy/RDY_010_ReadinessStop.kt,da45f843438bd2eb7703ad32311b4feb5be2f139,1160,UI_DOMAIN_SCREEN
app/src/main/java/com/movefuel/mufil2/ui/screens/sor/SOR_001_SorenessDashboard.kt,98e0c35e734f60d552e1ebf9329cb70188b3aeae,1156,UI_DOMAIN_SCREEN
app/src/main/java/com/movefuel/mufil2/ui/screens/sor/SOR_002_FrontBodyMap.kt,9fc8f2c249e0ca1a47e2f0e1af5a6b003ddceb13,1059,UI_DOMAIN_SCREEN
app/src/main/java/com/movefuel/mufil2/ui/screens/sor/SOR_003_BackBodyMap.kt,9ccc769d269db615dc76bdcfd1ae2744e3659ca1,1056,UI_DOMAIN_SCREEN
app/src/main/java/com/movefuel/mufil2/ui/screens/sor/SOR_004_SelectRegion.kt,bd461ded00c96441bd65f782aeee48506ae7696e,1136,UI_DOMAIN_SCREEN
app/src/main/java/com/movefuel/mufil2/ui/screens/sor/SOR_005_SorenessSeverity.kt,d780617c32c86d404b5dbc7b9393909a569ddcdb,1150,UI_DOMAIN_SCREEN
app/src/main/java/com/movefuel/mufil2/ui/screens/sor/SOR_006_MultipleRegionReview.kt,bdd40492c9705401b39cbeea17692fd4a61abef6,1188,UI_DOMAIN_SCREEN
app/src/main/java/com/movefuel/mufil2/ui/screens/sor/SOR_007_SaveSoreness.kt,22e791e9d1831ab6c1eb5d2143f55957c6199f94,1113,UI_DOMAIN_SCREEN
app/src/main/java/com/movefuel/mufil2/ui/screens/sor/SOR_008_CurrentSorenessSummary.kt,375a793fec18fca3a86f2f8ea579b1c628b11e62,1196,UI_DOMAIN_SCREEN
app/src/main/java/com/movefuel/mufil2/ui/screens/sor/SOR_009_SorenessHistory.kt,9cc45fe66cc32affbae2265fa6a66fd5d687d7fc,1167,UI_DOMAIN_SCREEN
app/src/main/java/com/movefuel/mufil2/ui/screens/sor/SOR_010_PainSafetyRoute.kt,1a39ee5b6051bf88249d26b135081f15daab5a4f,1153,UI_DOMAIN_SCREEN
app/src/main/java/com/movefuel/mufil2/ui/screens/sys/SYS_001_SystemLoading.kt,dd242ba84b5f6c95ec40cb5381ce6c929a373e29,1117,UI_DOMAIN_SCREEN
app/src/main/java/com/movefuel/mufil2/ui/screens/sys/SYS_002_SystemEmpty.kt,06b58419622dcbc1de3394cfce0ca3da1f9b91be,1137,UI_DOMAIN_SCREEN
app/src/main/java/com/movefuel/mufil2/ui/screens/sys/SYS_003_SystemUnknown.kt,ec703d13f6aacd82d91b7699510239d0ba101654,1184,UI_DOMAIN_SCREEN
app/src/main/java/com/movefuel/mufil2/ui/screens/sys/SYS_004_SystemPartialData.kt,3471e1c69f5e384471a24eefb56aa1df54b4c7f3,1178,UI_DOMAIN_SCREEN
app/src/main/java/com/movefuel/mufil2/ui/screens/sys/SYS_005_SystemOffline.kt,06bdd066932c6f461591591e76521893fb911cf5,1135,UI_DOMAIN_SCREEN
app/src/main/java/com/movefuel/mufil2/ui/screens/sys/SYS_006_SystemSavedOffline.kt,4b6b677b371d8b8cd67c9d1d4a6974d0972f11d7,1195,UI_DOMAIN_SCREEN
app/src/main/java/com/movefuel/mufil2/ui/screens/sys/SYS_007_SystemStale.kt,f24cb0fe8b704eeb936a8b72a51bdc688cbfc11b,1101,UI_DOMAIN_SCREEN
app/src/main/java/com/movefuel/mufil2/ui/screens/sys/SYS_008_RetryableError.kt,01deec7f5d0bb8968ec2e5e4dea5a30abea98de9,1121,UI_DOMAIN_SCREEN
app/src/main/java/com/movefuel/mufil2/ui/screens/sys/SYS_009_UnavailableState.kt,b5c0347321471440e1ade2b509472caeb33a22e5,1147,UI_DOMAIN_SCREEN
app/src/main/java/com/movefuel/mufil2/ui/screens/sys/SYS_010_PermissionRequired.kt,c13c55e2d65f5628372fc5361b1be88fc20def8c,1163,UI_DOMAIN_SCREEN
app/src/main/java/com/movefuel/mufil2/ui/screens/sys/SYS_011_PermissionDenied.kt,0edff10e3d23e3d9f7ba8f6252a74f79e534326c,1146,UI_DOMAIN_SCREEN
app/src/main/java/com/movefuel/mufil2/ui/screens/sys/SYS_012_UnsavedChanges.kt,ecce1c9a7d09ce7b022ddae0a7128f68d653abe0,1199,UI_DOMAIN_SCREEN
app/src/main/java/com/movefuel/mufil2/ui/screens/sys/SYS_013_DestructiveConfirmation.kt,1a087aab447311c7129d04e272e9a75ff9a9fd24,1178,UI_DOMAIN_SCREEN
app/src/main/java/com/movefuel/mufil2/ui/screens/sys/SYS_014_SuccessState.kt,6bc199e392a9e28ec9a6e12a7fd51062c60fc936,1098,UI_DOMAIN_SCREEN
app/src/main/java/com/movefuel/mufil2/ui/screens/sys/SYS_015_Syncing.kt,cb7d09e669c9db1054c41c2f08a3a4e20b6432b4,1072,UI_DOMAIN_SCREEN
app/src/main/java/com/movefuel/mufil2/ui/screens/sys/SYS_016_SyncPending.kt,c94e1db0003b81c1cb084e97b811a09d075c771a,1182,UI_DOMAIN_SCREEN
app/src/main/java/com/movefuel/mufil2/ui/screens/sys/SYS_017_SyncFailed.kt,f69868ab95a14656570327f153f88f930f33a571,1107,UI_DOMAIN_SCREEN
app/src/main/java/com/movefuel/mufil2/ui/screens/sys/SYS_018_ConflictReview.kt,9072896b99a7c65407cce375a18ba695355dd604,1249,UI_DOMAIN_SCREEN
app/src/main/java/com/movefuel/mufil2/ui/screens/sys/SYS_019_InterruptedFlow.kt,c66f1adea78bc43a3a16831e49afcfe27aae9dca,1137,UI_DOMAIN_SCREEN
app/src/main/java/com/movefuel/mufil2/ui/screens/sys/SYS_020_RestoredFlow.kt,4dd1d8b305ce31648b86afa5e789273b9fdc0aa1,1112,UI_DOMAIN_SCREEN
app/src/main/java/com/movefuel/mufil2/ui/screens/tod/TOD_001_TodayDashboard.kt,2348518ec63d088e4bfe93081331f84342883d62,1438,UI_DOMAIN_SCREEN
app/src/main/java/com/movefuel/mufil2/ui/screens/tod/TOD_002_NutritionExpanded.kt,240844378f958a770fe3afd847a81b1b3188e415,1084,UI_DOMAIN_SCREEN
app/src/main/java/com/movefuel/mufil2/ui/screens/tod/TOD_003_NextActionDetail.kt,4657c582f75bd2d74438617bde807da920fdebd9,1213,UI_DOMAIN_SCREEN
app/src/main/java/com/movefuel/mufil2/ui/screens/tod/TOD_004_DeviceStatus.kt,1f856e60e1e417a73da309cf490112c433776802,1120,UI_DOMAIN_SCREEN
app/src/main/java/com/movefuel/mufil2/ui/screens/tod/TOD_005_TodayWorkoutPreview.kt,9430de6031ed47a6fef6e97cb1cd247e5c9301d1,1224,UI_DOMAIN_SCREEN
app/src/main/java/com/movefuel/mufil2/ui/screens/tod/TOD_006_TodayMealPlan.kt,9e4dde530919eac8afb6479982e58afba1b44556,1206,UI_DOMAIN_SCREEN
app/src/main/java/com/movefuel/mufil2/ui/screens/tod/TOD_007_ConfirmedMeals.kt,8165c95bc71559907e43920d19e9e18e8080441c,1185,UI_DOMAIN_SCREEN
app/src/main/java/com/movefuel/mufil2/ui/screens/tod/TOD_008_TodayLoading.kt,3a8ca1d4e22524988f4d8c495571d10b33706ce4,1153,UI_DOMAIN_SCREEN
app/src/main/java/com/movefuel/mufil2/ui/screens/tod/TOD_009_TodayEmpty.kt,adc78e12103926453433be9910abfe4c70c91dfb,1155,UI_DOMAIN_SCREEN
app/src/main/java/com/movefuel/mufil2/ui/screens/tod/TOD_010_TodayUnknown.kt,ab04a9e1943d5b8c15879efede8ad984f5b7b14c,1165,UI_DOMAIN_SCREEN
app/src/main/java/com/movefuel/mufil2/ui/screens/tod/TOD_011_TodayOffline.kt,012d401564b027704ecf47b8be715e317acc3cec,1165,UI_DOMAIN_SCREEN
app/src/main/java/com/movefuel/mufil2/ui/screens/tod/TOD_012_TodayStale.kt,a88e64f5401936d2fcde91ed74f4fec1e451cb52,1155,UI_DOMAIN_SCREEN
app/src/main/java/com/movefuel/mufil2/ui/screens/trn/TRN_001_TrainNowDashboard.kt,5fb8b3c61bd709e9ab30f566eb95f6e85be2f736,1372,UI_DOMAIN_SCREEN
app/src/main/java/com/movefuel/mufil2/ui/screens/trn/TRN_002_ReadinessSummary.kt,113bd58bd0bac52a1bcae686a553a961aa07658d,1231,UI_DOMAIN_SCREEN
app/src/main/java/com/movefuel/mufil2/ui/screens/trn/TRN_003_ReadinessDetail.kt,d3237108649221e9972dbc003650783d1510d794,1227,UI_DOMAIN_SCREEN
app/src/main/java/com/movefuel/mufil2/ui/screens/trn/TRN_004_WhyAdapted.kt,32a51093d66d06c96cfeacccf9880d724906df94,1285,UI_DOMAIN_SCREEN
app/src/main/java/com/movefuel/mufil2/ui/screens/trn/TRN_005_TodayWorkout.kt,1a75ac8a2509b1f59451d149457bd3bc1bd7602f,1247,UI_DOMAIN_SCREEN
app/src/main/java/com/movefuel/mufil2/ui/screens/trn/TRN_006_WorkoutDetail.kt,dacdbae62424fd72c3d4e4dcda40d9be60575822,1251,UI_DOMAIN_SCREEN
app/src/main/java/com/movefuel/mufil2/ui/screens/trn/TRN_007_StartWorkout.kt,8d4950affaa45c5870324a7bf82b9d9299fae404,1247,UI_DOMAIN_SCREEN
app/src/main/java/com/movefuel/mufil2/ui/screens/trn/TRN_008_RescheduleWorkout.kt,7f46fe83011bc767e27c3a7c9d8ec8def98d0879,1106,UI_DOMAIN_SCREEN
app/src/main/java/com/movefuel/mufil2/ui/screens/trn/TRN_009_QuickStart.kt,82e4c3cd8150ad0c13bf547509a0e38a6c38f133,1239,UI_DOMAIN_SCREEN
app/src/main/java/com/movefuel/mufil2/ui/screens/trn/TRN_010_WeeklyPlan.kt,f69296f7633c0f2cf1bd8e31631993fbceb97980,1239,UI_DOMAIN_SCREEN
app/src/main/java/com/movefuel/mufil2/ui/screens/trn/TRN_011_WeeklyDayDetail.kt,f2a4618ed6bd7d5ce99984a7c95b6254d5a81fe2,1260,UI_DOMAIN_SCREEN
app/src/main/java/com/movefuel/mufil2/ui/screens/trn/TRN_012_LessTimeToday.kt,f53868438d4543a332414a7ea564aec39142045d,1214,UI_DOMAIN_SCREEN
app/src/main/java/com/movefuel/mufil2/ui/screens/trn/TRN_013_EquipmentUnavailable.kt,8b0fedbcba6036a15d3048274a8d152508bbd6ba,1186,UI_DOMAIN_SCREEN
app/src/main/java/com/movefuel/mufil2/ui/screens/trn/TRN_014_ReplacementOptions.kt,573987b745c9151ca3a8eceb02052bd8bef7498e,1178,UI_DOMAIN_SCREEN
app/src/main/java/com/movefuel/mufil2/ui/screens/trn/TRN_015_RecoveryDay.kt,2c78422e9d14f5c156c969c11716c19244ba2212,1229,UI_DOMAIN_SCREEN
app/src/main/java/com/movefuel/mufil2/ui/screens/trn/TRN_016_MissedWorkout.kt,1e201a0ee2471c864988452a56848b53ff431000,1248,UI_DOMAIN_SCREEN
app/src/main/java/com/movefuel/mufil2/ui/screens/trn/TRN_017_ProgramSettings.kt,b2d41e1c30d4245c01511264f581c2f3a04cd983,1211,UI_DOMAIN_SCREEN
app/src/main/java/com/movefuel/mufil2/ui/screens/trn/TRN_018_ProgramRevisionHistory.kt,f66e417a63036456f2b81077c89332dabfaabe9b,1240,UI_DOMAIN_SCREEN
app/src/main/java/com/movefuel/mufil2/ui/screens/trn/TRN_019_RecentWorkouts.kt,eaec574af0e5c07fbc61af9808c713789e5bd058,1255,UI_DOMAIN_SCREEN
app/src/main/java/com/movefuel/mufil2/ui/screens/trn/TRN_020_TrainLoading.kt,242f8b3628e8f784f0184602ecfa58767b3745c8,1133,UI_DOMAIN_SCREEN
app/src/main/java/com/movefuel/mufil2/ui/screens/trn/TRN_021_TrainEmpty.kt,0938b50c3cc711a07d114cf94675e84e2aa7309c,1134,UI_DOMAIN_SCREEN
app/src/main/java/com/movefuel/mufil2/ui/screens/trn/TRN_022_TrainUnknown.kt,a5ea7425620d4248efed2b513689ee8f94c32411,1144,UI_DOMAIN_SCREEN
app/src/main/java/com/movefuel/mufil2/ui/screens/trn/TRN_023_TrainOffline.kt,f6c72bc7d31970e1409b6b825c60c6828ee0a006,1144,UI_DOMAIN_SCREEN
app/src/main/java/com/movefuel/mufil2/ui/screens/trn/TRN_024_TrainStale.kt,f42a5de47764a9a8af5de5fee88d25881c573f46,1134,UI_DOMAIN_SCREEN
app/src/main/java/com/movefuel/mufil2/ui/screens/trs/TRS_001_TrainSetupWelcome.kt,208ed7a781d3bf9f8c32c27fbe8692a676d36eac,1164,UI_DOMAIN_SCREEN
app/src/main/java/com/movefuel/mufil2/ui/screens/trs/TRS_002_TrainingExperience.kt,cd6d2c25815d6d145c6e2b932e26c2db01bac33c,1146,UI_DOMAIN_SCREEN
app/src/main/java/com/movefuel/mufil2/ui/screens/trs/TRS_003_ActivityExperience.kt,46edd2f044afb9eaa26073ade5eab51f3e4e0e32,1146,UI_DOMAIN_SCREEN
app/src/main/java/com/movefuel/mufil2/ui/screens/trs/TRS_004_TrainingGoal.kt,6f7f565d3ade05f383c0b7b136a71ab06cedc1d3,1163,UI_DOMAIN_SCREEN
app/src/main/java/com/movefuel/mufil2/ui/screens/trs/TRS_005_PreferredActivities.kt,d2cf9bbbdc4257312de9bae9238a2073428a1844,1191,UI_DOMAIN_SCREEN
app/src/main/java/com/movefuel/mufil2/ui/screens/trs/TRS_006_Environment.kt,1b733717fce5b414119d04a51dceab45a341bf17,1104,UI_DOMAIN_SCREEN
app/src/main/java/com/movefuel/mufil2/ui/screens/trs/TRS_007_Equipment.kt,6845cc2c6ac542b8d14b2ed65d9cb52d1f43e72c,1113,UI_DOMAIN_SCREEN
app/src/main/java/com/movefuel/mufil2/ui/screens/trs/TRS_008_WeeklyAvailability.kt,461c62a848f5a786aa3a98566f0c79eede273032,1125,UI_DOMAIN_SCREEN
app/src/main/java/com/movefuel/mufil2/ui/screens/trs/TRS_009_PreferredDays.kt,90381832e262e578ec3ac4e72715823cef52cb6e,1105,UI_DOMAIN_SCREEN
app/src/main/java/com/movefuel/mufil2/ui/screens/trs/TRS_010_PreferredTime.kt,ba1034878b8e0fd09d2882bfeb07ce2c39d5f91b,1105,UI_DOMAIN_SCREEN
app/src/main/java/com/movefuel/mufil2/ui/screens/trs/TRS_011_SessionDuration.kt,66bcdd323b1a6232a33ce624fc0526f658270198,1113,UI_DOMAIN_SCREEN
app/src/main/java/com/movefuel/mufil2/ui/screens/trs/TRS_012_ExercisePreferences.kt,69507e0b7ca057ab17b117278b44f6540e851855,1114,UI_DOMAIN_SCREEN
app/src/main/java/com/movefuel/mufil2/ui/screens/trs/TRS_013_ExerciseDislikes.kt,dfcf137670d0fc973b0b874264ab45ef3a94a958,1102,UI_DOMAIN_SCREEN
app/src/main/java/com/movefuel/mufil2/ui/screens/trs/TRS_014_MovementLimitations.kt,e61eb79dab85dcb598504b3a8abcc4ab4da64db9,1114,UI_DOMAIN_SCREEN
app/src/main/java/com/movefuel/mufil2/ui/screens/trs/TRS_015_LongTermRestrictions.kt,b1efba7338f752bd73544b2c827cce26736a845e,1119,UI_DOMAIN_SCREEN
app/src/main/java/com/movefuel/mufil2/ui/screens/trs/TRS_016_PainSafety.kt,bbe8cf746dda7be63e81a980ae2461e375e2cec2,1129,UI_DOMAIN_SCREEN
app/src/main/java/com/movefuel/mufil2/ui/screens/trs/TRS_017_SorenessSetup.kt,1b02049eb321e4757cce8ad3affb4f14b93bf3fd,1125,UI_DOMAIN_SCREEN
app/src/main/java/com/movefuel/mufil2/ui/screens/trs/TRS_018_ReadinessSetup.kt,0ec145c6be3bea143687e3adfeecfa6d0605f119,1113,UI_DOMAIN_SCREEN
app/src/main/java/com/movefuel/mufil2/ui/screens/trs/TRS_019_PerformanceBaseline.kt,920935d53fa2e4508f25ff3cff015eff571bd9f2,1178,UI_DOMAIN_SCREEN
app/src/main/java/com/movefuel/mufil2/ui/screens/trs/TRS_020_PlanPreview.kt,7bec4566d526f0079761df2d842932fa814fd865,1150,UI_DOMAIN_SCREEN
app/src/main/java/com/movefuel/mufil2/ui/screens/war/WAR_001_WearToday.kt,89e1ddfc6e05736110ba6250a0a96a5aa952bd59,1185,UI_DOMAIN_SCREEN
app/src/main/java/com/movefuel/mufil2/ui/screens/war/WAR_002_WearReadiness.kt,d741c12639bafd9b7c47a2cc80723b2eb5a65434,1171,UI_DOMAIN_SCREEN
app/src/main/java/com/movefuel/mufil2/ui/screens/war/WAR_003_WearWorkoutPreview.kt,102febfe6bb975b46e47f6939aece890f739072a,1210,UI_DOMAIN_SCREEN
app/src/main/java/com/movefuel/mufil2/ui/screens/war/WAR_004_WearActiveExercise.kt,80d81dcfda3d83da4567fb201cd9a5e1f1489d02,1142,UI_DOMAIN_SCREEN
app/src/main/java/com/movefuel/mufil2/ui/screens/war/WAR_005_WearSetInput.kt,051f8b51535dc9685e57de6783abfdeb99525573,1108,UI_DOMAIN_SCREEN
app/src/main/java/com/movefuel/mufil2/ui/screens/war/WAR_006_WearCompleteSet.kt,8d9e17845dc273ce5b8125971f0a1bbf96a0546f,1132,UI_DOMAIN_SCREEN
app/src/main/java/com/movefuel/mufil2/ui/screens/war/WAR_007_WearRestTimer.kt,8c60bfa5e2a1d8f60104586faba55765f5eef9f2,1148,UI_DOMAIN_SCREEN
app/src/main/java/com/movefuel/mufil2/ui/screens/war/WAR_008_WearSubstitute.kt,45b6a1af98f06ae205f2582ec26fd01f98ac06d3,1111,UI_DOMAIN_SCREEN
app/src/main/java/com/movefuel/mufil2/ui/screens/war/WAR_009_WearPause.kt,3d6d3d89dcbda22f0ee024ed76503345e24945ee,1063,UI_DOMAIN_SCREEN
app/src/main/java/com/movefuel/mufil2/ui/screens/war/WAR_010_WearFinish.kt,6ebd6f17611f650c2dbb99f63a6cc47a5b3ad97b,1099,UI_DOMAIN_SCREEN
app/src/main/java/com/movefuel/mufil2/ui/screens/war/WAR_011_WearSummary.kt,a6722724eacfe95501ed731cfba5fe2122c7c1ab,1135,UI_DOMAIN_SCREEN
app/src/main/java/com/movefuel/mufil2/ui/screens/war/WAR_012_WearSyncPending.kt,bad8bb9a8ddde2de57d9b65318ae4ee52d2bc70c,1222,UI_DOMAIN_SCREEN
app/src/main/java/com/movefuel/mufil2/ui/screens/wrk/WRK_001_PreWorkout.kt,ee300f3d5d6727051df46b5378e3d92d35565a5f,1164,UI_DOMAIN_SCREEN
app/src/main/java/com/movefuel/mufil2/ui/screens/wrk/WRK_002_WorkoutStart.kt,d91c4f3a728b3afc4a216be21c7a9fa6a11a565b,1172,UI_DOMAIN_SCREEN
app/src/main/java/com/movefuel/mufil2/ui/screens/wrk/WRK_003_ActiveExercise.kt,fbb8d917e9d4d0c6763d4c0039c65a4156ac67d6,1167,UI_DOMAIN_SCREEN
app/src/main/java/com/movefuel/mufil2/ui/screens/wrk/WRK_004_ExerciseMediaLoading.kt,36249462313863ab6c7b4f3ad5e0feaf2635aefb,1212,UI_DOMAIN_SCREEN
app/src/main/java/com/movefuel/mufil2/ui/screens/wrk/WRK_005_ExerciseInstructions.kt,899463cfd825c2abf207640617fcc3bfc0ad03ce,1265,UI_DOMAIN_SCREEN
app/src/main/java/com/movefuel/mufil2/ui/screens/wrk/WRK_006_SetInput.kt,6f663f79567479fef8ac2f45451d844b53d292db,1175,UI_DOMAIN_SCREEN
app/src/main/java/com/movefuel/mufil2/ui/screens/wrk/WRK_007_RepsInput.kt,79186d39edf5aed10239213f2c4a9405a81b3a89,1179,UI_DOMAIN_SCREEN
app/src/main/java/com/movefuel/mufil2/ui/screens/wrk/WRK_008_LoadInput.kt,6ab82dd59bbef6007c45ec9e17a10520ef075b93,1064,UI_DOMAIN_SCREEN
app/src/main/java/com/movefuel/mufil2/ui/screens/wrk/WRK_009_TimeInput.kt,a1427fedfaa18b5a74c76c7f93ee0083d079873e,1064,UI_DOMAIN_SCREEN
app/src/main/java/com/movefuel/mufil2/ui/screens/wrk/WRK_010_DistanceInput.kt,c693c5468da2d784a71106ab3245aa82295a2424,1084,UI_DOMAIN_SCREEN
app/src/main/java/com/movefuel/mufil2/ui/screens/wrk/WRK_011_RPEInput.kt,8fc3bdd4cf09070aee7932f119b4c6c109ae5d7b,1112,UI_DOMAIN_SCREEN
app/src/main/java/com/movefuel/mufil2/ui/screens/wrk/WRK_012_ReviewSet.kt,93484383846b9006738e9ad8c98a4163561957e2,1178,UI_DOMAIN_SCREEN
app/src/main/java/com/movefuel/mufil2/ui/screens/wrk/WRK_013_CompleteSet.kt,dc7a92f4272d155ac98ca4067ee22ca45cc16528,1186,UI_DOMAIN_SCREEN
app/src/main/java/com/movefuel/mufil2/ui/screens/wrk/WRK_014_RestTimer.kt,cbad9587d28d0ab12e3d09def4469e5fad942d7c,1216,UI_DOMAIN_SCREEN
app/src/main/java/com/movefuel/mufil2/ui/screens/wrk/WRK_015_ExtendRest.kt,70bb85c78202880bf70744a8f5e86bb0e7ba50d7,1220,UI_DOMAIN_SCREEN
app/src/main/java/com/movefuel/mufil2/ui/screens/wrk/WRK_016_SkipRest.kt,a29ecd1525adebc2ced1b77589327d53fe928ef9,1212,UI_DOMAIN_SCREEN
app/src/main/java/com/movefuel/mufil2/ui/screens/wrk/WRK_017_NextSet.kt,0ed409b1fe0101c6f58f98a4829bd46ecce18250,1163,UI_DOMAIN_SCREEN
app/src/main/java/com/movefuel/mufil2/ui/screens/wrk/WRK_018_ExerciseComplete.kt,a07c1de9ead347c41275921dc562efebc4aa26c7,1199,UI_DOMAIN_SCREEN
app/src/main/java/com/movefuel/mufil2/ui/screens/wrk/WRK_019_NextExercise.kt,3fc70d458d8f8ecaad28dadb7160e073871a210e,1183,UI_DOMAIN_SCREEN
app/src/main/java/com/movefuel/mufil2/ui/screens/wrk/WRK_020_SubstituteExercise.kt,47e5794079ce48ff0bbea6b9f7f4d6f4d7f62ff3,1231,UI_DOMAIN_SCREEN
app/src/main/java/com/movefuel/mufil2/ui/screens/wrk/WRK_021_SubstitutionCandidates.kt,2f80bfa0be9bd52a692a6ea846064b1aebc202f1,1247,UI_DOMAIN_SCREEN
app/src/main/java/com/movefuel/mufil2/ui/screens/wrk/WRK_022_SubstitutionDetail.kt,101d53f917433e96b562eeba53f7a825c3641157,1231,UI_DOMAIN_SCREEN
app/src/main/java/com/movefuel/mufil2/ui/screens/wrk/WRK_023_ConfirmSubstitute.kt,f24420b0f5e4e2795ac3d2dca0af43bb449e3308,1227,UI_DOMAIN_SCREEN
app/src/main/java/com/movefuel/mufil2/ui/screens/wrk/WRK_024_SkipSet.kt,a995ea90dda1938ef87b80c9b138485ec9b5aeaa,1118,UI_DOMAIN_SCREEN
app/src/main/java/com/movefuel/mufil2/ui/screens/wrk/WRK_025_SkipExercise.kt,ab9a1e5573aabce7297881bf797d1acdacef1c56,1138,UI_DOMAIN_SCREEN
app/src/main/java/com/movefuel/mufil2/ui/screens/wrk/WRK_026_WorkoutNote.kt,ec620be5bc31e5a8979c59a538bbf20169cc6b16,1051,UI_DOMAIN_SCREEN
app/src/main/java/com/movefuel/mufil2/ui/screens/wrk/WRK_027_PauseWorkout.kt,4063a7aef3d6120d3e9518891a6b29b128ab8e71,1109,UI_DOMAIN_SCREEN
app/src/main/java/com/movefuel/mufil2/ui/screens/wrk/WRK_028_ResumeWorkout.kt,e489a2409f53a54681100f015556c96a459e3d4a,1113,UI_DOMAIN_SCREEN
app/src/main/java/com/movefuel/mufil2/ui/screens/wrk/WRK_029_PainSafetyPause.kt,0718478f4284b3e88ec470520acdc6b0541a8e63,1164,UI_DOMAIN_SCREEN
app/src/main/java/com/movefuel/mufil2/ui/screens/wrk/WRK_030_FinishEarlyConfirmation.kt,ce4325c73eec3d280eab29edc35a66829670f910,1166,UI_DOMAIN_SCREEN
app/src/main/java/com/movefuel/mufil2/ui/screens/wrk/WRK_031_PostWorkoutCheckIn.kt,57944b24c87c8ec9ae793fba21c9f2e8644669a0,1197,UI_DOMAIN_SCREEN
app/src/main/java/com/movefuel/mufil2/ui/screens/wrk/WRK_032_WorkoutSummary.kt,890924d909b8cab9bb45665f2e3852d7abecfd79,1345,UI_DOMAIN_SCREEN
app/src/main/res/values/themes.xml,a74ed6bd0f8eea8cc5b84aab0556a84ae12b2fa4,357,OTHER
audit/MOVEFUEL_400_SCREEN_CONTROL_AUDIT.csv,c2d8f69730c5f19756d799965b6c3a2c339c8212,358356,AUDIT
audit/MOVEFUEL_BUTTON_ACTION_CONTRACT.csv,59290ff04e5e3c02283904a9936eec07331a171b,292364,AUDIT
audit/MOVEFUEL_CONTROL_AUDIT_SUMMARY.md,cc5627f06927ae81540f59883a9a6011677c08e0,5945,AUDIT
audit/MOVEFUEL_FAMILY_CONTROL_COUNTS.csv,32cf5c56d679eda372c6f36f90d19492a276803a,1079,AUDIT
audit/MOVEFUEL_IMPLEMENTATION_PLAN.md,6bc2599ca27c92b12b0cb8a2e6eda84f6f1e175f,3572,AUDIT
audit/MOVEFUEL_PERMISSION_SENSOR_MATRIX.csv,47905396f1bd1b377db0553f4345b296a3cbef31,3008,AUDIT
BUILD_STATUS.md,6563875fbfd82f996ca9a42b3a4775435888b31f,998,DOC
build.gradle.kts,9e323e8534811c2c18b814ad53a638b63c1452bd,149,OTHER
database/architecture/FULL_PRODUCT_SCHEMA_EXPANSION.md,5176ab3b0515e873de587f52f474e19ef2784491,2643,DATABASE
database/architecture/MOVEFUEL_81_ERD.md,5a7b5dd269c88510faa60ebf82ee07aeb835a9c4,3109,DATABASE
database/architecture/MOVEFUEL_81_RELATIONSHIPS.csv,3abfba02b0bd68abef40067a1e1b879228a2c227,3087,DATABASE
database/architecture/MOVEFUEL_81_TABLE_MANIFEST.csv,a68824d2592c4f86d2ca6a4f70ffa1ff501c0200,5381,DATABASE
database/azure-sql/001_movefuel_core_81.sql,3ac1566428a0edd3c7195509004c6eb898c5b2ce,75729,DATABASE
database/azure-sql/010_draft_full_product_additions_29.sql,5054c7add52f4ae98adcd32752d40a3d77b9f811,17342,DATABASE
database/azure-sql/020_draft_food_barcode_catalog_15.sql,6e452db6a1888d8cb17eb7aef283eb9eadaf9062,5370,DATABASE
database/README.md,64bf3c6232fa33550bb0922c30b147aa2aeebf73,643,DATABASE
database/sqlite/001_movefuel_phone_offline_32.sql,20586d7f273328c1f45a37d46b3620f2a6867549,8456,DATABASE
database/sqlite/002_movefuel_wear_offline_4.sql,7fa91aa2b05fd6aeaecc110c381b7be140897989,1726,DATABASE
database/training/TRAINING_141_CONNECTION_MAP.md,f08e4c1b1441eaceb3e7fa3c30efc9e88c5ec163,4883,DATABASE
database/training/TRAINING_141_TABLE_INDEX.csv,cdf86f36bfe2623783bac12494f1852ff9956a9e,22752,DATABASE
gradle.properties,ffe335a5d647351f52938c923aa601f190bee42b,160,OTHER
README.md,33c1107f84320d85884a615b0f4a42bcea7b0f45,2347,DOC
SCREEN_REGISTRY_404.csv,337d5c847283354e506e310b40b51779758b326a,53673,CSV
settings.gradle.kts,d6c9a9f0ad1a682a8e5656a2981cb5a4a44e0a2b,325,OTHER
VISUAL_TARGET_IMPLEMENTATION.md,c01ac30ca73a186f36c240fe00dc957fe319a8ff,932,DOC
